partyId,partyType
b800b2bf,Organization
c5dccde2,Individual
34cdefef,Organization
c1bfb464,Organization
c613c146,Individual
7b808486,Individual
308e3438,Individual
44142e26,Individual
8712392d,Organization
7af63fa1,Individual
390e2f47,Individual
4de191f1,Organization
b5f390f8,Organization
70d9830f,Organization
16dd150c,Individual
3bdc1134,Organization
9b2f57d0,Organization
647e38d2,Organization
83c28d7e,Individual
3ee4b8d8,Organization
14ad3e0f,Individual
9cae81b0,Individual
f73cf66f,Organization
8a9b43b5,Individual
a05ae475,Organization
c5ca5c1d,Individual
8b09fd19,Organization
9a89fb59,Organization
50906a15,Organization
3a766a5c,Organization
5ff7e313,Organization
87688c7d,Individual
d7c55a59,Organization
83fbdc94,Individual
ee8986ee,Individual
bf5fc4c4,Organization
5a41771b,Individual
f63b39ac,Individual
52cba2d1,Individual
d8e6af06,Organization
5541cc0a,Organization
7c2ee0c0,Organization
33a5ffd3,Organization
615a6d65,Organization
68ce5923,Individual
414f2b76,Individual
3ca6f0f6,Organization
2c4aae81,Organization
7d9a7f15,Individual
5fbcd822,Individual
d502654f,Individual
296569b6,Individual
116c2dec,Organization
e5ca0138,Organization
82df069d,Organization
4a151c1c,Organization
f468a6f5,Individual
d80facc8,Organization
487b1f4c,Organization
065d2da4,Individual
e9ed1b25,Organization
b7e3dea1,Organization
2ec06757,Organization
87755fe4,Individual
320a265b,Individual
7993edd4,Organization
38eadfe9,Individual
93d53967,Organization
de5f963b,Individual
c1e2b107,Individual
40aa6e01,Organization
86c46918,Individual
79f6e9b2,Individual
cccc1030,Organization
8a4b3c72,Organization
d713fab5,Organization
fc6baf52,Individual
6e52c6e7,Organization
efbfe74d,Individual
b8a24826,Individual
54de72ba,Individual
e301e35c,Individual
7118ab61,Organization
6c0a6886,Individual
997047f7,Individual
c1ae7e43,Individual
de17b679,Organization
c0e382ae,Individual
bf27a19c,Organization
26573ff6,Individual
f6003bb3,Organization
a0b7ed4f,Organization
d7c223d2,Organization
5604456c,Individual
2ce63e34,Organization
95faded0,Individual
0f2eb8d3,Individual
9d081500,Individual
37b2eadb,Organization
0d538b1e,Organization
7bdd69c8,Organization
019d05bf,Individual
809ef909,Organization
ee06291d,Organization
36c96d73,Organization
c41227bf,Individual
e97787e3,Individual
7231d4e5,Organization
00723fb8,Individual
78fda6f2,Individual
5de06a60,Organization
2a48c515,Individual
3b2faac1,Organization
3675984c,Individual
a258628e,Individual
301a3f6a,Individual
b480e6df,Organization
3891ae05,Organization
d6b2e8bd,Individual
8e648bb4,Organization
b1f32695,Individual
060221b5,Individual
68067a53,Individual
dfb2d162,Organization
55982400,Individual
5b4c6a41,Organization
931ede3e,Individual
f8b4c72a,Individual
d519b4c7,Individual
5c1090ed,Individual
8d45561c,Individual
b9139e27,Individual
611b9321,Individual
631ee921,Organization
af8ba03b,Organization
4eab8099,Organization
d21573ab,Individual
e24a76bc,Organization
547a7534,Individual
16d74021,Organization
6b6fa624,Individual
277470f1,Individual
252b6ee6,Organization
3a6fc17d,Individual
062b1e6e,Organization
df407cee,Organization
b211c42c,Organization
d445343b,Individual
4d83b486,Organization
1e0d9ef1,Organization
fc99c9f6,Organization
0378d3ee,Individual
744991e5,Organization
6e91b867,Organization
0e88aeef,Individual
627dfe32,Organization
cbdafc43,Individual
d1b95c5a,Individual
7f58335e,Individual
33becc24,Organization
349d34df,Individual
55313f26,Organization
0f1d80f3,Organization
1c149814,Organization
7637bf4b,Organization
e75290e0,Organization
25c508c8,Organization
93cf1eb3,Organization
2f59c544,Individual
72839f78,Individual
5210b728,Individual
0cb54010,Individual
91170acf,Organization
f67d08d0,Organization
d6d5e9bb,Individual
a5d816da,Organization
458c9db5,Individual
2d6c3625,Organization
22151cd2,Organization
218e0adb,Individual
36089836,Individual
2e613ab3,Individual
55692ca5,Individual
88721bbe,Individual
eb636550,Individual
c912454b,Organization
843ee6de,Individual
98833b93,Organization
e011ef65,Individual
35ed8015,Individual
1983835f,Individual
4ff8c164,Organization
2f297ecf,Individual
76f18c7d,Individual
25945e5a,Individual
ca4ac1d8,Organization
e2325eaf,Organization
055d7efa,Individual
43facea3,Individual
b5759076,Individual
36304ff4,Organization
a8a4efbf,Individual
ec059b3b,Organization
11cb3ecf,Organization
8e11a260,Organization
9fa56668,Individual
b19d5d9d,Organization
1e8d2cba,Individual
e6dcd214,Organization
778057a5,Organization
7344dac6,Individual
e1bfb8c1,Organization
9a11d66b,Individual
b7522e40,Organization
8d50f9b8,Organization
43666b54,Organization
45b34ed7,Individual
95ee0104,Organization
7374eed1,Organization
e1271b06,Individual
88f6624a,Organization
db93793b,Organization
5d07bb75,Individual
4fc29291,Individual
8b79b20c,Organization
5176d2b2,Individual
9f578b3a,Organization
a77a50c8,Individual
e0da9164,Individual
a7e3b10c,Individual
5147a64e,Organization
9b31da20,Organization
c85630bb,Organization
62838405,Organization
0aa7629b,Individual
a3ef0f97,Organization
6faeeb58,Organization
576ee6a3,Individual
ff8e4f0e,Organization
b2f5dc4f,Individual
91e81e9a,Individual
0ef2c7df,Organization
16417176,Individual
f23ef51b,Organization
4b2a5053,Organization
c3a6d158,Organization
65751f16,Organization
aeba7f56,Individual
b2c68eae,Organization
77ab64ba,Organization
0e014037,Individual
7de69352,Individual
68e9fae5,Individual
98848156,Individual
29dd6fb7,Individual
6515dfe5,Organization
daca4969,Individual
0d0d70b8,Individual
547c5e28,Individual
1d7f6223,Organization
13229e79,Individual
8ce76665,Organization
54b6baf5,Organization
ee8cedcd,Individual
238d0916,Individual
39405d92,Individual
4e4817a9,Organization
6b0e314e,Organization
68f6d15a,Individual
2a973dcb,Individual
2ea56c3d,Organization
e2ff25b8,Individual
8c570835,Individual
f87777cb,Organization
12d74d7d,Organization
f589beb3,Organization
20ca7f7d,Individual
4dd16b66,Individual
cefc9d35,Organization
8e721633,Individual
bd89001b,Individual
ad17b561,Individual
de969681,Organization
0f1e7b29,Individual
d844d26e,Organization
dcab4e13,Organization
b9ea9962,Individual
8ee0f1df,Organization
6213fb75,Individual
473b9fd1,Individual
2af3a009,Individual
5a9533da,Organization
51e6aed1,Organization
9cc02007,Individual
d3ee6b31,Individual
230663e3,Organization
de5093e1,Organization
bb3411d2,Individual
856c9640,Individual
cdc1e582,Organization
21b3de97,Organization
e3c193f6,Individual
b3f358db,Organization
f9f7b824,Organization
9b1edce0,Organization
90f7f8cf,Individual
b73d3f28,Organization
0a393a4e,Individual
5d9f35b2,Individual
87bcb0a0,Individual
4d7716bc,Organization
ec777ebf,Individual
43056bbc,Individual
3a3da6ff,Organization
531981c6,Organization
a20f020e,Individual
39a0ce7b,Organization
aff73863,Individual
b5d6b83a,Organization
6f74cdf9,Organization
790866f0,Individual
52bf27a2,Organization
3090aeae,Organization
ce5a968e,Individual
7eee8d4a,Individual
48adb4a3,Individual
fb86ada4,Individual
f8681ef4,Individual
e944b23f,Individual
4e97f4a4,Organization
294449ca,Individual
bd93df62,Individual
c8bb453d,Organization
5f8da242,Individual
10555a4e,Organization
02541505,Organization
80bafe20,Individual
23b72397,Individual
44afc3ff,Organization
4538ba33,Individual
c0112b12,Individual
4274bc2e,Individual
96cab4e7,Individual
7c89c8ed,Organization
f6f707ce,Individual
545be295,Organization
f5f4bb26,Individual
cd1d62d9,Organization
c42bd4d9,Individual
f39d8084,Individual
f4ed4168,Individual
ddd3049b,Organization
0c831369,Individual
0f242734,Organization
79d771b3,Individual
a99acaf6,Individual
7eb69bfa,Organization
ba7fa54d,Organization
04426604,Organization
109149f0,Individual
f7113aed,Organization
8456c825,Individual
db149d6e,Individual
0d3cfc62,Individual
ceb1d9c9,Organization
38bc000e,Organization
27c10a6b,Individual
3017e9ad,Individual
f3e13f71,Individual
973e2d09,Organization
2445e583,Individual
3cc4a200,Individual
91f5b2f5,Organization
4f53dad5,Organization
917e15bf,Individual
0779f2f6,Individual
7df0203e,Organization
2af00524,Organization
e78521cc,Individual
63c9e957,Organization
c55ee6bc,Organization
c572b3c2,Organization
104455f0,Organization
4f918b81,Organization
6fe6e40a,Organization
19891d8a,Organization
1a9973a8,Organization
3e7be9d0,Individual
2609672a,Organization
750f0638,Organization
39914a62,Organization
17cc4981,Individual
1d4ad222,Individual
4baa726b,Organization
8ec54999,Individual
1c156e2f,Individual
41a8ec37,Organization
02aabd3f,Individual
af9daa31,Organization
7bdbbf68,Organization
ad48a248,Organization
6a2722f7,Individual
01b28166,Individual
b86f0478,Individual
c2cbfa76,Organization
060deccd,Organization
9a521418,Organization
6f61fb5b,Organization
7ae725bd,Organization
8e3fe568,Organization
f1365cd3,Organization
16b6ce10,Individual
cd78d81a,Individual
b69c70f5,Individual
348273c0,Organization
afc92fbd,Individual
45d6906e,Individual
0ea2de8d,Individual
93ec27a9,Organization
d616a5bb,Individual
ec42e039,Organization
e55db4a7,Organization
7267b254,Organization
30a538d4,Individual
fcd9f9c3,Individual
c3d6761e,Organization
a60146a3,Organization
ed165064,Organization
34116413,Organization
b7c7ecdc,Individual
e56c4953,Individual
87c0f021,Organization
8a4b7ee1,Organization
48d68c8b,Organization
6febf8c1,Organization
5270342c,Individual
799727ab,Individual
8999bbbb,Individual
5e068e5c,Individual
b702aaa3,Organization
1359409c,Organization
328cfc8b,Individual
eac0452e,Individual
34315731,Individual
9cdf65b4,Individual
6b28f4bd,Individual
b8fe13c0,Organization
62aa9b4e,Organization
ecf4d9d1,Organization
089012cf,Organization
155d2e2c,Organization
17b7a1b4,Individual
8773e6e4,Organization
9a9cca13,Individual
fd6c37ac,Individual
a6aed2b3,Individual
5df6afb0,Individual
918478fa,Individual
e0029bdd,Individual
0b2bbd76,Individual
f493abc9,Individual
a3b0f805,Organization
d6ad3253,Organization
609f5965,Organization
9a8e17e1,Individual
274eb0d9,Organization
1d281e23,Individual
a3393d7d,Individual
606cc563,Organization
ffa963b3,Individual
f7bb7370,Individual
5c92a5cf,Individual
f82a1360,Individual
5fdea7c7,Organization
576d3092,Individual
b06b83e7,Individual
f5d6c1e0,Organization
c927bdf8,Organization
e5b88492,Individual
fa98db0b,Individual
884354b9,Organization
4d97b833,Individual
6087fe86,Organization
edeecde0,Individual
f7fb16db,Organization
f4b278da,Individual
21e603d5,Individual
745208b4,Individual
2375ff00,Organization
9ca5758e,Organization
c130895d,Organization
06e934b6,Organization
6669001f,Individual
1cc851d9,Individual
d4566b0c,Organization
48d4e694,Individual
89892a04,Organization
bfcc402a,Organization
cd8cafbd,Organization
d0a10967,Individual
00af9b1d,Organization
8c058842,Organization
e547d037,Individual
10d6df7a,Individual
fb426e6b,Individual
a06e2eb1,Organization
3f78d581,Organization
32c667c2,Individual
b1a9e6fc,Individual
c8de2120,Individual
544896c0,Individual
fdba9f00,Organization
e225bf4c,Organization
b63f0d7a,Individual
9674d461,Organization
73b76d8c,Organization
b15241bb,Individual
82a4433d,Organization
d3a5e7ca,Individual
a2a7f454,Organization
9e1c007a,Individual
599e11dd,Organization
b2df096e,Individual
62de3600,Individual
70543730,Organization
60b069ed,Organization
3dd3ab1e,Individual
66acac04,Individual
646b7607,Individual
52a48d6a,Individual
c586efce,Organization
bb7e2dc9,Organization
f84d38c4,Organization
3c8bc040,Individual
00fc84dd,Organization
f6efa0b2,Organization
d1e4c61d,Organization
993e8bfd,Individual
f244ba56,Individual
19a0854a,Organization
07c9ca6c,Organization
ad826561,Individual
a6c741d9,Organization
4748c753,Individual
96ecf3ef,Individual
e2267b7b,Individual
48dcc1c5,Individual
130bf5eb,Individual
d2c9640c,Individual
18694b72,Organization
5210dc9c,Organization
8203e58b,Organization
431084e7,Individual
19bb3e29,Organization
5bdcb0c1,Organization
3943811c,Organization
9abd2ef4,Organization
51b58ce3,Individual
ae0cde9c,Organization
7b41cf58,Organization
d23f4b0f,Organization
814bc2ad,Organization
e7514fa6,Individual
bce91963,Individual
34095d2d,Organization
a398780c,Organization
25584b15,Individual
79759774,Organization
376b6a6c,Organization
b14a79e4,Organization
1f07d0b9,Organization
244afc73,Organization
983b8d23,Individual
147730c8,Organization
3f6feb85,Organization
bbda857f,Organization
fde0b0b6,Organization
73add134,Individual
b5b2673e,Organization
267b9706,Individual
94bb9399,Individual
0937c778,Organization
c79df5fe,Individual
e4bb406d,Organization
4f191027,Organization
fe72b14d,Organization
626920ce,Organization
0fa2e4e1,Organization
e0c90b49,Organization
f4add031,Individual
0467f48b,Organization
e9dcc8f1,Organization
ccf18853,Organization
1e833650,Organization
88b53edb,Organization
004125bc,Organization
a434372b,Organization
f106ba40,Individual
cb2d11c3,Organization
6ff417dd,Individual
bd7c3626,Individual
1b2f70e4,Organization
9dc3f306,Organization
16f80a89,Organization
528722f7,Organization
e4739004,Individual
2084e56c,Individual
f63e08fb,Individual
1da5fc8e,Organization
ea3fa7f8,Organization
22118286,Organization
de4bab3b,Individual
4b53bc78,Individual
f1ab9bf4,Individual
7b368c4a,Individual
0b583257,Organization
974373c0,Organization
4b934eaa,Individual
4f64d2c4,Organization
46359257,Organization
fba64df0,Individual
41dcb1d7,Individual
061a80ce,Individual
f3b1d308,Organization
45bd6249,Organization
08231d19,Individual
8001dfdf,Individual
0c67521d,Individual
9e5eb90c,Organization
07f31d02,Organization
adbd1b45,Organization
71fa1790,Organization
44a28f67,Organization
278b0cd5,Organization
a34cf268,Organization
d76879ab,Individual
79018065,Organization
7e12d244,Individual
3fc8c322,Organization
1b75fbf4,Individual
9fbd4cf8,Individual
912979c7,Individual
e7e9b734,Organization
b33fe7de,Organization
6db0904e,Organization
6f6dfb72,Organization
bda674a9,Organization
912e8e53,Organization
18b8cc9a,Individual
9b0cc78c,Organization
2317875d,Individual
84275f2e,Organization
f7d61d84,Organization
cf071b60,Organization
aa05a809,Organization
7215c21b,Individual
a44e3ef2,Organization
39bdaed2,Individual
ad437379,Organization
05ddc295,Individual
dde852ed,Organization
7caaf7e2,Individual
31036107,Individual
9b30d732,Organization
edcb6d81,Organization
43759674,Organization
a38030f7,Organization
6a7a9fe6,Organization
56071d23,Organization
bda55c37,Organization
256dfb20,Individual
beeaf369,Individual
7a6cd50d,Individual
b5426621,Individual
68fc10a2,Individual
574c4f83,Individual
b4670d26,Individual
84727c2c,Individual
40a7a450,Organization
524260a1,Individual
b8fd4741,Individual
5b9de60c,Organization
54892577,Organization
595c1ee7,Individual
be4d2f60,Individual
1de4971a,Individual
1c8cb269,Individual
8d8263de,Individual
b297b745,Organization
c8df7acd,Individual
312a95e2,Individual
541ad893,Individual
c85f4517,Organization
3a84105d,Organization
6c8ff928,Individual
e8d8826b,Organization
b7019fbf,Organization
a974e71a,Individual
a738f427,Individual
f135369d,Individual
3bc70d91,Individual
063eb63d,Individual
fef750c7,Individual
d7dce388,Organization
65624894,Individual
6f7e7984,Organization
62bcdc2b,Individual
a94449ac,Individual
3b6475fe,Organization
232e48ff,Organization
6e9baf60,Individual
acbf9190,Individual
260b058f,Individual
9b9e4d2d,Individual
af189b6f,Organization
e5c95702,Organization
07864f69,Organization
7041543e,Organization
e828e799,Individual
9f055523,Organization
437a3c11,Organization
530dcc47,Organization
a1c05499,Individual
889f3cb4,Individual
350693b7,Organization
5d531b00,Individual
5dd2f4f1,Individual
6ba0ef82,Organization
de82d7bc,Individual
f4786f87,Organization
14232173,Organization
fbffbdf9,Organization
f77d46f9,Organization
3eec48dc,Organization
c2bd1d2f,Individual
a431d0ba,Individual
1322748c,Organization
ac2263a6,Organization
cb0c9443,Organization
1eac3042,Organization
951fd74d,Individual
149d7a41,Individual
dcf737f1,Organization
0433907c,Individual
864bcc5c,Organization
66cc69df,Individual
96b62349,Individual
0be175b9,Organization
4eee2104,Individual
9ce477f5,Organization
e8f155fa,Individual
e9b871fe,Individual
472cae00,Organization
1d3eb57b,Organization
c44dc4c5,Organization
eb5ce2b7,Organization
523685e0,Organization
5931a4ff,Individual
f9defbbf,Individual
0dc8127f,Organization
c9207f2a,Organization
382b396d,Organization
af6039a8,Organization
985693f2,Individual
34c91b61,Individual
e25d3fbd,Individual
779b8b02,Organization
7008023a,Individual
78c1110e,Individual
3ed29350,Organization
c1a98bc2,Individual
4287e884,Organization
2177ef0d,Organization
6ec5e50a,Individual
4b6716a8,Organization
8fcfdacf,Individual
9eab1c3a,Organization
5974a233,Individual
0c4c4c51,Organization
7a219af7,Organization
0a1a9cab,Organization
dbbc1350,Organization
2f4d11d4,Individual
0e8deec6,Organization
8e7f1bb9,Individual
b42dcde7,Organization
955f75d9,Individual
ae830b33,Organization
56ba1c3e,Organization
effc0a38,Organization
1694e20a,Organization
2f277eab,Organization
8090f5f3,Individual
234399c9,Individual
5fbfbc12,Individual
29a35444,Individual
a38216bd,Organization
49adec6a,Individual
ed9adb98,Organization
49cfaf29,Individual
bd4cf920,Individual
36bded92,Organization
5b866c37,Organization
1e24a59c,Individual
00b694a5,Organization
4af821d9,Individual
ff500221,Individual
7daa2faf,Organization
b7db1199,Organization
b058cecf,Organization
6d370431,Organization
9117fbcb,Organization
a281574e,Organization
e24f98c8,Individual
37b6b866,Organization
7a33318b,Individual
08dcaf0d,Individual
bf0696f3,Organization
861ca6ac,Individual
e3b28884,Organization
166f99df,Individual
112411ed,Individual
525679a6,Individual
055baf29,Organization
a45a6e6c,Individual
034969ba,Organization
131b0a02,Individual
040adf5e,Organization
cad7e872,Individual
b81c1126,Individual
f73f6b14,Individual
999b2eb1,Individual
0923aeff,Organization
3ba60197,Organization
8f56b6e8,Individual
6e64da49,Organization
140fc0f1,Organization
65e169d5,Individual
d65ff691,Individual
7f2ce758,Individual
10ac399e,Organization
dc8f24ef,Organization
14860939,Organization
15e1a2d6,Individual
13463c84,Organization
94640f90,Individual
34134da6,Organization
a296e03b,Individual
b88c92ca,Individual
1dd87be1,Organization
53eed1fb,Individual
3c6b60ca,Organization
91a8f2d6,Individual
311d93ad,Individual
978b0bf9,Individual
7b4073e7,Organization
5e8aebfe,Individual
c229aaed,Individual
33bfe7de,Individual
edbf0d05,Organization
c63df89f,Individual
bf30798c,Individual
8d490c67,Organization
030332ec,Individual
83855c90,Individual
8cf72b7d,Organization
c80426c6,Individual
9a0f37e2,Individual
8aa48137,Organization
06455ca3,Organization
30307f43,Organization
ae5809cc,Individual
f6d22194,Organization
b1df292f,Individual
9b145995,Individual
d7ad286f,Individual
f8cf3a56,Organization
507f0364,Individual
6a14c181,Individual
1de11346,Individual
79341a99,Individual
a645b515,Organization
187f6ceb,Organization
ae02cb20,Organization
f4f3d2aa,Individual
635a0b36,Individual
e1a2d7d1,Organization
aa390139,Organization
faf28813,Individual
5d047e54,Individual
8f79f228,Organization
5f5cc122,Individual
ca6b9da9,Organization
b6fd3a5d,Organization
53c67aa4,Organization
8a507f94,Individual
dbd7af49,Individual
cc1556b7,Organization
e4de014a,Individual
a77d7ff3,Organization
db8626ce,Organization
1029e01d,Individual
f734769b,Individual
e86fe300,Organization
823802ad,Individual
0441c741,Organization
ff24b750,Individual
0ce3db2a,Organization
f6c6b186,Individual
c5e1bc43,Individual
bb6951d0,Individual
d5fdf33a,Individual
84e26520,Individual
b852321e,Individual
eb7682d6,Organization
3bfbc6fa,Organization
8226af1c,Organization
313d8db7,Individual
d59b598d,Individual
b4d270cb,Organization
b86053bc,Organization
fcd44afb,Individual
f85eac76,Organization
b0cbff94,Organization
1b028173,Organization
c631cb05,Individual
f923af9e,Individual
1e029a9f,Organization
3f2afe54,Organization
1bb37a52,Organization
af1dd2ac,Organization
f611e15c,Organization
f7430aff,Individual
b4620de2,Individual
df835721,Organization
c3f25d0f,Organization
fe0b7489,Organization
79bd7d2c,Individual
de65f125,Individual
d2efda95,Individual
47309c7d,Individual
00f9846b,Organization
09147810,Organization
52fe8548,Individual
1bfe8125,Organization
b5c068cc,Organization
75bead10,Individual
62c4b9bb,Organization
9d21db27,Individual
af24638e,Individual
10f2008e,Individual
0761a818,Individual
1f9d7792,Organization
1eb379ea,Individual
9516a4f8,Organization
c3ca8462,Individual
0d4b814e,Organization
073ba84e,Organization
7be3ddba,Organization
c0a2d2a5,Organization
e126b621,Individual
a9bf52ad,Organization
2dc691af,Individual
4cee232c,Individual
e54bc840,Organization
949794a0,Organization
572de898,Organization
2efb4592,Individual
e7dbc230,Organization
fb10f40a,Individual
ce2785c4,Organization
7bd85fd2,Organization
98d23855,Organization
f037671d,Individual
4ea1cb20,Organization
1a10b08d,Organization
825960f6,Organization
28af8adf,Organization
3ac3d42d,Individual
46daeafd,Organization
2de98cda,Individual
25b0c5db,Individual
c5143cc0,Organization
f229c041,Individual
4717c094,Organization
3dea564a,Individual
60c162a9,Organization
4a540997,Organization
264536af,Individual
2ffce26e,Organization
f24fe241,Individual
76e9a8a3,Individual
1b4220b7,Individual
26be5992,Individual
7bf938aa,Organization
d6a1653a,Organization
e8b517d1,Individual
19c66b4b,Individual
c6f1c2e7,Individual
e496e15f,Individual
c6cab5db,Organization
c7c30b4a,Organization
a54e3bd9,Organization
ceccb8b0,Individual
81ac2314,Organization
9d83bfa0,Individual
b372f996,Individual
9d3ad748,Individual
7feca038,Organization
049c04d3,Organization
803987c3,Individual
b3bb5094,Organization
3e3c1a0d,Individual
4dccd5d3,Organization
142aa31a,Organization
4f0e1cd4,Organization
210d4cdc,Organization
d8d00ec9,Individual
44b3e183,Individual
cc1b8138,Organization
0fa362a2,Organization
b6a0603d,Organization
c0842f02,Individual
8be5f64e,Organization
df1f3ace,Individual
2c3c2fbc,Organization
faeb68e4,Organization
29304b9d,Individual
0564bbf3,Organization
2a5f920f,Organization
09d3a79a,Individual
eb09bd4a,Organization
2e862ec9,Organization
15cc1e7e,Individual
718ea625,Individual
6c95a3cd,Organization
c03cafc1,Organization
26eec8d7,Individual
b6c28624,Organization
6fc77a23,Individual
db42d27a,Individual
880171a8,Individual
a96d6e2a,Organization
2201f383,Organization
3364dfa6,Individual
0dbb37ed,Individual
2ffe674a,Individual
97282edd,Organization
ef55e0dd,Organization
c1b6a2ad,Individual
85ac7d1a,Individual
d8f369de,Organization
bee67930,Organization
ba55a24d,Individual
e7c4afd3,Organization
799b8f38,Organization
d8cee9c3,Organization
b7e98264,Individual
dec99035,Individual
4d127bcb,Individual
9cfe61c0,Organization
7aa7cf2c,Individual
1496714a,Organization
d2671ac2,Organization
0ee24a13,Organization
e3076062,Organization
79573a5a,Individual
f2133e33,Organization
8bbdd4fa,Organization
b11430a7,Individual
0d779082,Organization
9d54a596,Individual
a7a005b1,Organization
eb53f072,Individual
1bfe99b2,Individual
c9b12e08,Organization
21883479,Organization
5b895489,Individual
282c02e4,Organization
ebfb3bbb,Organization
8aa8f762,Individual
167ec36f,Individual
6c192190,Organization
17bb2237,Organization
cfe698e9,Individual
a28f09c9,Organization
8021d1f2,Organization
d34983dc,Individual
fd0cac50,Individual
6c53372f,Organization
ed1789cb,Individual
7a5fe564,Individual
c4070999,Organization
834b6a3a,Organization
e40d98b2,Individual
7f03061f,Individual
7cee3ddc,Organization
36e19141,Organization
c351bb88,Individual
8d8a393e,Organization
e6ba3ee2,Organization
5b8b4c2a,Organization
fca1199c,Organization
5c166892,Organization
fcee4771,Individual
7de32a40,Individual
9d90ae89,Organization
3d2f0176,Individual
da14d964,Individual
e3a1b058,Organization
461b89cb,Organization
ea6cbb1a,Organization
154073b1,Organization
ad9b4c9f,Organization
748aab9c,Organization
1a8b2e70,Organization
57ce4e40,Organization
15040e6d,Organization
42830db1,Organization
69b0c3f8,Individual
c0b5dba8,Organization
c0d2c7d6,Organization
00a92bee,Organization
3ab9fe45,Organization
8315b1e3,Individual
96a9b10e,Organization
cb57306e,Individual
fab69ab1,Individual
fd2ec7d3,Individual
924971de,Individual
2a4d7f19,Organization
62fb09d3,Individual
deb6b860,Organization
35763f1f,Individual
08c16be6,Organization
d742c5c1,Individual
5cf7c29c,Organization
33c9aa01,Organization
9969a8af,Individual
57c2dcf6,Organization
9077f61e,Individual
1f1e05f6,Individual
e013ecc8,Individual
a374b30f,Organization
2c9a33fa,Organization
b5a20cfe,Individual
fde07e80,Organization
7357498f,Individual
c7f7078e,Individual
e85aad82,Individual
228aa96a,Individual
912c2e9b,Individual
9d5cfdad,Individual
f1ada787,Organization
8b720c53,Organization
b5f08f8f,Organization
26f7a323,Individual
669e2984,Organization
cd8faec1,Organization
d7cfac9c,Individual
32a4ed9f,Individual
b1d0501f,Individual
10a5fba1,Organization
cc108927,Individual
8a080e1f,Individual
0a480d4c,Individual
9d7d9167,Organization
76401af0,Organization
c661e85a,Organization
1bb21c2b,Individual
3f29da33,Organization
599b7ccb,Organization
12f1d0da,Organization
4e1e1612,Individual
dc9b6f97,Individual
5ae1fa69,Organization
1041b609,Organization
f65a5460,Individual
31efe9aa,Individual
41cc5d27,Individual
dd24fed4,Individual
551f0501,Individual
1f19c6ba,Individual
864ca743,Organization
a7cd6b0a,Organization
9b2784c3,Organization
d3143c5f,Individual
ab95a819,Organization
6ef0140b,Individual
2ab31d05,Organization
abe633cd,Individual
f9e5f06e,Organization
973f7e4b,Organization
1567f9e3,Organization
6fb0fe41,Individual
bcc4ec12,Individual
c672bcb3,Individual
e0c41a1c,Organization
abd1f435,Individual
6e4a4971,Individual
dc7e4127,Organization
26c69b5c,Individual
7d6ab030,Organization
05f4fe38,Organization
1ffd2c7c,Individual
6cb17fce,Organization
ab20e535,Individual
028d08bc,Organization
f28286f2,Organization
e3922953,Organization
32c6d7e5,Organization
5b714fcb,Organization
5d03b6b0,Individual
6a446103,Individual
f69113e9,Individual
4f2329fd,Individual
dca5d75c,Individual
2dc494a8,Organization
846e95d9,Organization
4be57e77,Organization
3e80b67b,Organization
ae994c3a,Individual
4a3d3a0d,Individual
5c9e12aa,Individual
93772550,Individual
ae3d3994,Individual
82f2f1d2,Organization
23e444e2,Individual
9353f350,Organization
ffb210c3,Organization
a62e68e0,Individual
fb33d372,Organization
1dbc0272,Organization
7d7a5996,Individual
00850113,Organization
c7eea957,Individual
b2297931,Individual
7ec4573c,Organization
beee55e2,Individual
70ea2d05,Individual
a393ea59,Organization
3073f2ad,Organization
bfffaa0b,Organization
86597019,Individual
53143df9,Organization
9cad0be9,Organization
a31708fa,Individual
59383bc6,Organization
1d8b9089,Individual
eac33675,Organization
45f91c2d,Individual
15b9ac43,Organization
a02941e9,Organization
5d0cb936,Individual
f4f8c633,Organization
1ecfd3d0,Individual
4de9a200,Organization
36be96c2,Organization
9971eb5e,Organization
f47285df,Individual
72f43ae0,Individual
b2795b7f,Organization
d83834a1,Organization
13b13fc4,Individual
e484013a,Organization
6b10389a,Organization
87ef20af,Organization
1d37683c,Organization
669cb272,Individual
0c4165df,Individual
0e8c25f3,Individual
b00936a0,Organization
d567bc0d,Organization
722f9c52,Organization
587e2d77,Individual
21bffd02,Individual
ab10b6bd,Individual
c9c59c40,Individual
c3c2a818,Organization
237b0951,Organization
1561aa12,Individual
9acde559,Organization
5219fb8a,Organization
4cf7fb20,Individual
169cf593,Individual
d68f54e6,Organization
ef6e85bf,Individual
30a168f2,Individual
07f7fa4b,Organization
95f83188,Organization
25c1bf32,Organization
822811f3,Individual
c181c8f7,Organization
86fbe6b8,Organization
bc94237d,Organization
e17c2a28,Individual
15b12afd,Individual
0108d310,Organization
b19729b9,Organization
aaf9f73b,Organization
8c9dfb72,Individual
17b32d4a,Individual
d7e78043,Organization
71960275,Individual
cb245e4a,Organization
fa5bf0ff,Individual
03c98844,Individual
0cf21853,Organization
cf19d66e,Organization
74c1a26c,Organization
c1e1c2d5,Organization
4e58a513,Organization
5c52b4bf,Organization
227b223a,Individual
3e65bf38,Individual
3c7fd5ab,Individual
5ba65cfa,Organization
0cfb9640,Organization
4643e023,Individual
4b260ce2,Individual
10907c97,Organization
ed6297fd,Organization
1edcd3a3,Individual
1c525a64,Individual
bf273d89,Organization
2d218fd9,Organization
e8bbbe19,Individual
81b6ccc4,Organization
cffd994f,Individual
e76b663b,Organization
61cab955,Organization
47572574,Individual
c4b3b738,Organization
0925e726,Organization
dc3f1c52,Individual
6b3f2baa,Individual
97a60dff,Individual
ea23a78a,Individual
228f8694,Individual
40ee0b91,Individual
2afcf7df,Individual
111e851a,Individual
a61b1d80,Individual
c7ca0401,Individual
44ebfe3d,Individual
fce495b6,Organization
e1f2e9f0,Individual
48bfea10,Organization
b4f8868e,Organization
530f76c4,Organization
9c65f2cd,Individual
476eb60e,Organization
c30c2b1c,Individual
749ae74a,Organization
2eaa9a72,Individual
c8cc8254,Individual
f06d7624,Organization
7a20a735,Organization
3aef3c5f,Individual
49c945a1,Individual
acffe5bf,Organization
16374e48,Organization
f036b71d,Individual
6c69d045,Individual
3808557a,Organization
c10abfff,Organization
100f29f1,Individual
fee83540,Organization
4c1c1677,Organization
4d12ecb3,Organization
594c8c2c,Individual
ab2b2c55,Individual
7131a26b,Organization
e475bbaa,Individual
56f934a3,Individual
8d9def2e,Individual
7ee80ba4,Organization
52589285,Organization
ae981fb8,Individual
e38ce46e,Organization
f7ec75c2,Individual
7976df7a,Individual
bf32d1f3,Individual
884e57d5,Individual
a93c6959,Individual
2bb29ef3,Individual
7ca61ae0,Individual
e60318a3,Individual
facb1d15,Individual
f00c5297,Individual
b5fac9ab,Individual
4ae66d52,Individual
53aaeeb4,Organization
27dd9d95,Individual
d67ace69,Individual
4bdbb6db,Individual
93d6077b,Organization
dd55011a,Organization
d3ce4a37,Organization
0099e0a9,Individual
585abb8e,Individual
bea59797,Individual
9e31947d,Individual
c736e9f1,Individual
60f8e808,Organization
e0c6ab4a,Individual
9cdadcd1,Individual
be249c9e,Organization
4b09e898,Organization
e6007f89,Individual
9e4902e0,Individual
3f6f8fa6,Individual
dea779f6,Organization
798fc42b,Organization
0a2cbd58,Individual
38bc8e97,Organization
9f1fec92,Organization
ffbdb7c4,Organization
5581bcd1,Individual
c599d5d5,Organization
f60bf29e,Individual
a90b08fb,Individual
ef6f5c44,Organization
ca351cd9,Organization
720fd043,Organization
a8b0ba6c,Organization
f3a15498,Individual
4c2d6529,Individual
e2224270,Organization
9c02d63a,Individual
813cdd75,Individual
46161da5,Individual
6b2419cd,Organization
7be7a8dc,Organization
81bf7ba7,Individual
c5648d11,Organization
369cc48e,Organization
9a4a6df1,Individual
4975a83b,Organization
e79ab9e4,Organization
462d02e0,Organization
36d4184e,Individual
7f3bb1b5,Organization
f6137f9b,Organization
9e7adad3,Organization
04e62ae8,Organization
0596a4da,Organization
baf4e1c0,Individual
702f32cf,Organization
2c9762a1,Organization
6811225b,Organization
dd6d7eea,Organization
cd90a37c,Organization
370c4776,Individual
e72b765e,Organization
b4b64999,Individual
3bdd12e7,Organization
70a52e2c,Individual
a5784e8a,Organization
7401b9d1,Organization
60b96134,Individual
9629de68,Organization
bc5879ea,Individual
3717677c,Organization
7e397a04,Organization
c7239c43,Organization
f830eaeb,Organization
b0a011b3,Individual
c8e5e0e5,Individual
e3323fb5,Organization
8b289bc7,Organization
402b0f04,Individual
97c1f0b1,Individual
8de6a88d,Organization
b08f3ca0,Individual
0f6fc9a7,Organization
9c7e25b4,Organization
bbcd2cb3,Organization
e9bf8ff7,Organization
5845022b,Organization
6752bb05,Organization
b06b6a3f,Individual
3537359e,Organization
b021892b,Organization
ea003ead,Individual
64da68df,Organization
85e12e67,Individual
49775d76,Individual
e04d7bfc,Individual
2c6e43c6,Individual
8c54becd,Organization
5e63a977,Organization
cdf771a5,Organization
db7308e7,Individual
be3db73b,Organization
c81ade66,Organization
33cd1ea1,Organization
6f51b3e2,Organization
e6c49a66,Individual
9531f6f3,Organization
1c63f329,Individual
e3ffe448,Organization
ed32f5b2,Organization
52d09ec3,Organization
bee282c2,Individual
53d16d82,Organization
e06c9f17,Individual
c4709542,Organization
ef495d99,Individual
f57f66dc,Individual
fd207223,Organization
a6f1cdd6,Individual
d2e5fbbf,Individual
4e48034f,Individual
13dc0e37,Individual
6a827aad,Individual
f6e87379,Organization
3d0cedbd,Organization
2fb6932e,Organization
305c183a,Organization
8a0a49b4,Individual
338f363d,Individual
4cceb443,Organization
f6f6c152,Individual
a8b911bb,Individual
ae28b571,Individual
2b5fe049,Individual
2e8f3dc9,Organization
fe64733b,Individual
5d58f425,Organization
037b3465,Individual
b93aacf0,Individual
e5528ba3,Individual
c1671659,Individual
8a868ae3,Organization
e3d9bb96,Individual
ed5f7615,Individual
cbf51742,Organization
2daa450c,Organization
14043a2c,Individual
1caeacb6,Organization
d163a646,Individual
fb448028,Individual
e8f94523,Organization
876720f2,Individual
c58533f4,Individual
579a7d7a,Individual
a4827ec8,Organization
fea74b74,Individual
ed7cb568,Individual
66696376,Organization
d5bdeac3,Organization
e35f8492,Organization
cd7171f2,Individual
1f7c3f34,Organization
9e6b6398,Organization
04abc05c,Organization
64f94693,Organization
8ea01e20,Individual
d78e3d38,Organization
f5edb7d9,Organization
ac82b417,Organization
d870640d,Organization
aa1ff65a,Individual
864b9c50,Organization
fb192435,Individual
3c310515,Organization
4de8f076,Individual
81c521f7,Organization
39c1b34a,Organization
99fe8678,Organization
1062be1d,Organization
b3feb843,Individual
45491551,Individual
43a8653f,Organization
45cc586f,Organization
4e4cb889,Organization
a8efc0a6,Organization
6273916d,Organization
143d20ee,Individual
8cffc263,Organization
ad196862,Organization
a872a988,Individual
5fab82e0,Organization
62d2471e,Organization
6c8c16a4,Organization
1e9b0452,Individual
71f70ed6,Organization
bf80e1f7,Individual
9464ab3f,Organization
97308c60,Organization
a35eb732,Organization
16714e75,Organization
02cb20d8,Individual
7927cee3,Organization
8697cb22,Organization
42791734,Organization
bc3e1423,Individual
9fc3af81,Individual
df1a5db5,Organization
b996fd90,Organization
b9f4fd44,Individual
12346cb4,Individual
dc102139,Organization
d55c79ea,Individual
c1c2644d,Organization
76d47ca1,Organization
767f89fb,Organization
e9c3fa11,Organization
89a50840,Individual
bf5ecff0,Organization
37f82ac4,Organization
6debb9f1,Individual
ab0c6a2e,Organization
bfb76b57,Organization
13b27543,Individual
41b37834,Individual
82ed4c6d,Organization
a2e8fd2a,Individual
57ab6f7c,Individual
ec35e4a8,Organization
1e92d906,Individual
f50377d7,Organization
87327e8d,Organization
3775ef28,Organization
4ff1555f,Individual
d4840e82,Organization
7b5e2c92,Individual
7a10b86d,Organization
7ccbf6a3,Individual
64510bdb,Organization
bd22fece,Individual
4f594423,Individual
5e5e167e,Organization
5b7b8a83,Individual
3e2cad72,Organization
ddfd878d,Organization
0f0c46d5,Organization
1deb3c04,Individual
c2f87990,Individual
efa7933d,Individual
5c63906c,Organization
6c1d89cb,Organization
e48dff9b,Individual
04451383,Organization
ad63bd19,Organization
7c27a450,Organization
dff4d3b8,Individual
e1a8eaed,Organization
6ca8c2c8,Organization
60c1a88b,Organization
6fd48998,Individual
e8dc4e41,Organization
b2cd41cd,Organization
81e1741e,Individual
4ab9f04b,Organization
29552808,Organization
ba31af77,Organization
06dfe2cc,Organization
4d9b289d,Individual
9ada63ea,Individual
21f06df8,Individual
effd1fc7,Organization
3f2343e0,Individual
3f0c3383,Organization
64f50b95,Individual
7d3724b6,Individual
8c5c3086,Individual
4ff6f74e,Organization
26ca1268,Individual
be7913e2,Organization
f70bbfff,Organization
62db64de,Organization
a6841ea2,Individual
8c18fd84,Individual
87aa149a,Individual
b3e84c62,Organization
dee35b28,Organization
2efb17a3,Individual
dec341ae,Organization
1d27681c,Individual
99d064f0,Individual
2f2c2ca2,Individual
67f9287a,Individual
db456614,Organization
2460bafd,Individual
b9112193,Individual
5b52b11c,Individual
5cdd0981,Individual
a4c98041,Organization
9f133de2,Individual
5c9f27b7,Organization
ff0eacc7,Individual
1d658710,Organization
b1511675,Organization
9ebea87d,Individual
3b2e8b68,Organization
0c0de5d0,Organization
3c0bd8df,Individual
5f7abf17,Organization
802936f2,Individual
bf94e5c4,Individual
1ff88e1f,Organization
a1b5aa18,Individual
1409807f,Organization
396b27a8,Individual
180299c9,Individual
3f91f892,Individual
10a358d9,Organization
1d33466b,Organization
8a3907e4,Individual
5702b45c,Organization
7dd4403d,Organization
c17040c1,Individual
42cd3855,Individual
143d8cff,Organization
368f93eb,Organization
9b6d0a61,Organization
33ed2ba0,Individual
91319203,Individual
a86c562d,Individual
4d825709,Organization
8ff02bc0,Individual
98c1eccc,Organization
8a61fe05,Organization
92911275,Individual
2dab4f96,Organization
cb78f152,Organization
d87a88c0,Organization
eeb9d3d9,Organization
a10dcb27,Individual
ce8aa361,Individual
344cc4b1,Organization
e2cdaf55,Organization
93e3bfe2,Individual
e176729e,Organization
41e8cfb0,Organization
b61c6f2b,Organization
03d66ed0,Organization
e64ac3cf,Individual
ce5db4cb,Individual
c5602460,Organization
0680a7c2,Individual
c627231f,Individual
4e0d5190,Individual
41b220b0,Individual
b23691f1,Individual
7792bd95,Organization
53b1203d,Individual
4694d20c,Individual
4817fd06,Individual
1616c1b3,Individual
1172b5e7,Individual
54c4a54a,Organization
b0fbc7c4,Individual
89090e49,Individual
306df08d,Organization
3c9ab328,Organization
e7b9730a,Individual
b75449e1,Individual
bc11579a,Organization
4483db59,Organization
1f9708b4,Organization
62939aef,Individual
d4fe80d7,Individual
c1f2da17,Organization
f95427f1,Individual
304670c5,Individual
96428685,Individual
e10bc1c9,Organization
88d77019,Organization
ac52cc0c,Organization
00244294,Individual
27ad3217,Organization
f2a2abb0,Organization
450c77ee,Organization
09740021,Organization
f0b706f1,Organization
2349aea7,Organization
19fade66,Organization
675bd257,Individual
d5f7662e,Organization
054fa4dd,Individual
d07f2ae2,Organization
c8b8a4fa,Organization
6c3e41fd,Individual
26a329a7,Organization
7f31883f,Organization
84f8ada0,Individual
605afea5,Individual
973eee37,Organization
d67dff0e,Organization
fe1d654a,Individual
2e644154,Organization
cef3ed9d,Organization
5e5b6259,Organization
7e3a3cb5,Individual
1a910f71,Individual
a92e8660,Organization
ffb31917,Individual
5366e8a8,Organization
df17e78b,Individual
3c4f2235,Individual
f09b4ba8,Individual
0823cf3c,Individual
1577024e,Organization
f3886324,Organization
c4bc40da,Individual
01491cc1,Organization
340c695f,Individual
310949b6,Individual
abfe7f90,Organization
9aa48a99,Organization
2721bbc1,Individual
bf23c745,Individual
f5cdaa11,Individual
9fb49364,Organization
be170244,Individual
cb94d5fd,Organization
94bfd8ba,Individual
6707525c,Individual
1095ca2b,Individual
4ab50bb3,Organization
79b773fa,Individual
4df8b598,Organization
777911a4,Organization
605d776d,Individual
4961294c,Organization
c326abb3,Individual
29237b60,Organization
38076144,Individual
4d8b1783,Individual
44d2bac4,Individual
09ff3a2b,Individual
4738a903,Individual
34ec4ebb,Organization
34f4c526,Organization
c72a9aeb,Individual
a072018c,Individual
5820ada4,Organization
d82ab0e3,Individual
1d821907,Individual
83d2ae20,Organization
337b76b0,Individual
31e710fc,Individual
67182127,Individual
b53c3834,Organization
bdafcba7,Organization
32d23501,Organization
23e6c1ff,Individual
02d8d483,Individual
bc274821,Individual
98f846b2,Individual
337ff1a9,Individual
52a237e6,Organization
f75c69ce,Individual
5b7beb74,Individual
6ed3f45c,Individual
4d385835,Organization
97fb77f1,Individual
fee87195,Individual
a5191948,Individual
948749a5,Organization
6df1f387,Organization
ea24950c,Organization
a96941b3,Organization
5898d5b1,Organization
07b29b9a,Individual
9bdfd966,Individual
c56217f1,Individual
670d3c9e,Organization
91b05550,Individual
eb8b77d1,Individual
3d798975,Individual
8003799a,Organization
1a4ada7c,Organization
7e965934,Individual
d1bbe4bc,Individual
506d17ab,Organization
207fada8,Individual
6fad015a,Organization
b685d42c,Individual
d043df2a,Organization
2096a181,Organization
5a395fb8,Individual
01231e58,Individual
e56f308a,Individual
b6c18a24,Organization
9b95472d,Organization
1d32a409,Organization
1e822f54,Organization
ea06e8f9,Organization
4ccc1c0b,Organization
1f4dcc5a,Organization
abf8b3b0,Individual
231f8ed2,Individual
69706a97,Individual
e5788039,Organization
6f8fec79,Individual
4d1857de,Individual
c361208c,Organization
d7bce9ad,Individual
edfa285e,Organization
cfcd7158,Individual
476fa237,Organization
6e9ad01b,Individual
43825645,Individual
38056621,Individual
4a928b76,Organization
f8bf3ab1,Individual
5c6e280c,Organization
c6a87b27,Individual
f93fb2eb,Organization
9feab743,Organization
48de8b0c,Organization
f76372d1,Organization
660ad2f4,Individual
8695ae69,Organization
8ca77bb7,Organization
b9a4375c,Organization
9883b51f,Organization
345931c1,Organization
faa0fdc5,Organization
d17622d5,Organization
a4e80b57,Organization
78d0146e,Organization
ab5b8905,Individual
ffed3bb6,Individual
7c08f58e,Organization
3cc3d3f6,Individual
f6508231,Individual
faf51975,Individual
f60bc498,Individual
ae1cec53,Organization
11cf180b,Organization
997dd2fe,Organization
a4a4e511,Organization
4a310289,Organization
35db998b,Organization
c4470593,Organization
079bac7c,Individual
9405bee1,Individual
83c5ca7e,Organization
ad7702fe,Organization
42fed01c,Individual
0cb025c9,Organization
0794641d,Organization
6f7bf817,Individual
c8c68d20,Organization
93facbf7,Organization
7bf63bbe,Organization
190ca795,Individual
ba0b982b,Organization
3a8ed1cb,Individual
d5e53b79,Organization
00aac931,Individual
8e8d909d,Individual
d25fdc23,Individual
d09fb7dd,Individual
677c2046,Organization
5949da20,Organization
cec2bf27,Organization
153500ae,Individual
6ed6e493,Organization
8e46a790,Organization
f2dc1fbc,Organization
9e4c8384,Organization
751d1cd4,Individual
80e642d9,Individual
38ac66c9,Individual
09a0043a,Organization
c9de3c49,Organization
a547e35a,Organization
4131c8f3,Individual
0e5e7aa8,Individual
78966744,Organization
ec1c7716,Individual
caa15ab0,Individual
86fb67a7,Individual
90bb9a80,Individual
82173b9a,Individual
602a0341,Individual
dadb840f,Organization
f58a60f3,Individual
692313ba,Organization
bdd56122,Organization
a95f2eb6,Organization
4c378af0,Individual
221fabf2,Individual
294b2283,Organization
caa5fc17,Individual
455ad30a,Individual
ea2d7762,Individual
0805e89e,Individual
6ed88b7a,Individual
4ebc3500,Individual
3662576d,Organization
1768d19e,Individual
32a73452,Individual
863da0bd,Organization
2a4e8db7,Individual
268d861b,Individual
8c71a9aa,Organization
f067203c,Organization
1fb3cf94,Organization
1358b000,Organization
8151b79d,Individual
10fabe2a,Organization
37089f30,Individual
401364b1,Organization
f9140a3d,Individual
89d9e2d3,Individual
b31ffeee,Organization
dd49c81a,Organization
43b021ab,Organization
5eb9fde0,Individual
a0e84383,Organization
1e4ae368,Individual
af647350,Individual
a3f78c29,Individual
587d5661,Organization
3ca64162,Organization
ea31800e,Organization
2cedabed,Organization
10f5b247,Organization
2e75ccd9,Individual
4fe4fb1e,Organization
64753762,Individual
e1eaebee,Organization
6f5ec9c9,Organization
45bf8ad4,Individual
482a235b,Individual
bfa3ce92,Individual
70b3ef20,Individual
7d27f945,Individual
cdeef4a4,Organization
ef2dc2c5,Individual
26a9dae4,Individual
b1936d67,Organization
3286e83d,Organization
f08a1f91,Individual
6d569389,Individual
3a651186,Individual
d30890e9,Organization
214117d4,Individual
fa91dbc2,Individual
fdea558a,Individual
d41bb4f4,Organization
d04c2b94,Organization
59db445d,Organization
aa210b54,Individual
cf3e8d2d,Organization
164edfc1,Individual
fc483482,Individual
ff1e89a9,Organization
509a3825,Individual
104ed073,Individual
14f868cf,Individual
17c442d3,Organization
bc3f104c,Individual
2d7ac022,Organization
4a942776,Individual
db268a77,Organization
6a795982,Organization
8cbeb613,Organization
01f72cb6,Individual
9e829bc2,Individual
954d95c9,Organization
224500d0,Individual
acc45fa5,Organization
f4ef2ac8,Organization
3c8c915d,Individual
05fe312c,Individual
19b62b20,Individual
5ba540cb,Individual
f0d16ebb,Organization
8f957f70,Individual
afbba3b3,Organization
997d0966,Individual
b4250290,Individual
05ec78a5,Organization
1acd5dbb,Organization
018d99d6,Organization
a89e7535,Individual
b8bb5d4a,Organization
22986ff5,Individual
6dccdf5c,Organization
e8183da1,Individual
6d8e2748,Organization
2d7e360e,Organization
ffbe2990,Organization
00d01bc1,Individual
84f88ac5,Individual
fc3c2dcf,Individual
80226b87,Organization
07b382ef,Individual
5fb5edb3,Individual
01f9f38a,Organization
5e3b1e0a,Organization
0dcfedf6,Individual
51b375ba,Individual
ab9aeb19,Individual
f51826c3,Individual
ed15022f,Individual
9b6949f7,Organization
a30e20a4,Individual
d7e8ca23,Organization
9646d631,Organization
b1720f1e,Organization
079d2fbd,Individual
35edbe96,Individual
0b5cab7d,Organization
676d10c4,Organization
0301eb87,Organization
1170a4f7,Organization
10b1a466,Organization
e990576b,Individual
aca0e6c1,Individual
1e38d483,Organization
44045916,Individual
016cbdd8,Organization
bedd4175,Individual
db8ebaf6,Individual
36d76079,Individual
e80e3bba,Organization
09ccfcba,Organization
423982dd,Individual
7382a3f9,Organization
dcafb62c,Individual
75d2ceb4,Organization
784998bf,Individual
42ad45b4,Individual
5870b655,Organization
0a024e1c,Organization
5b495c4e,Individual
4556333a,Organization
a4455e55,Individual
3849320c,Organization
20ee2abe,Individual
c9ffd14a,Organization
6064b101,Organization
3c2f6998,Organization
39923dfc,Individual
3e0fcd07,Organization
a5275403,Individual
1dd144d6,Individual
beb14854,Organization
012613b8,Organization
f4b3dc97,Organization
bf14a991,Individual
76e9f0fb,Organization
fe2516d3,Individual
ede60742,Organization
420242db,Individual
f85b1f28,Organization
39df6f6b,Organization
1c52b28c,Individual
6bf005cd,Individual
0fc08b17,Organization
574ece38,Individual
370d1278,Individual
e2c227ec,Individual
49b6187c,Organization
7d1ae894,Organization
fd534bc1,Individual
d6da982b,Individual
f80ad87b,Organization
ccde1f57,Organization
c611bdff,Organization
d5491eaf,Organization
e9859df2,Individual
a030485d,Individual
b1a57df9,Organization
0f7b0158,Individual
33e625c9,Individual
bccfba07,Individual
4f06a4a7,Individual
339fb62d,Individual
8d00f36f,Organization
17747397,Organization
28ab8c6d,Organization
03bf2942,Organization
b7b64662,Organization
3a8299cf,Individual
9e7306fe,Individual
c605fdbe,Organization
7b1225e2,Individual
23c6b4fa,Individual
32a8ab68,Organization
0117b8b8,Organization
3bc91a11,Individual
3cc443f8,Organization
3aa22fe8,Individual
10578c27,Individual
f87cd78f,Individual
a676c655,Individual
b1223704,Organization
91711a1e,Individual
a55b2b55,Organization
6847e695,Organization
24682f47,Individual
b4aedd68,Organization
170e25bc,Individual
180268ef,Individual
19cdeb51,Organization
183bf01e,Organization
67949af1,Individual
5ca6e3d9,Individual
3ba0317d,Organization
1ce08e12,Individual
f40f493f,Organization
19f6797f,Organization
6c1ed3dc,Individual
a3eb7603,Organization
6c29e1e0,Organization
436ccc74,Organization
7aa72b48,Organization
1c5de4a1,Individual
240d09d2,Individual
a7b3084b,Organization
ca25abea,Individual
3d80ec39,Organization
b1005928,Organization
178b6404,Individual
badc9d79,Individual
e9b59f00,Individual
277ce3dc,Organization
461aa6af,Individual
a17aa7c2,Organization
9b8c9a76,Organization
40e841b6,Individual
ba27040e,Organization
60b71a66,Organization
cd0ef41c,Organization
5a9758c7,Individual
ca7e9fc8,Organization
36095ab7,Organization
2781e634,Organization
17cb5e0e,Organization
5b8e6595,Organization
b2e33cf9,Organization
e6a2b8da,Organization
c550f089,Individual
0134b356,Individual
03676ad0,Organization
e91c23af,Individual
6733ccbe,Individual
72a943a2,Individual
df1a7d49,Individual
a427c7de,Organization
075d2219,Individual
0080b6bd,Individual
2ba97ec9,Individual
f9c89e7a,Organization
8b3fc26e,Organization
a504dba4,Organization
a25e318c,Individual
99db090c,Individual
7a1de149,Organization
8d538857,Organization
7f3974b7,Organization
2b1c1b80,Organization
177c6e77,Individual
37345300,Individual
4967d90a,Organization
f534157f,Individual
41465487,Individual
2fc86a41,Individual
0c227c34,Organization
bca081a6,Individual
6376edc8,Individual
0d44951c,Organization
7f7b32d9,Individual
0a423b0b,Organization
624bc9de,Organization
8ab0f8a3,Individual
7eaa1da1,Organization
eb030220,Individual
53453254,Individual
301ff2fe,Organization
c4315154,Organization
fad01c38,Organization
a8794322,Individual
3413e4d4,Organization
2cb1e012,Organization
08d5e384,Individual
e7eb1ee1,Organization
3f18cb0d,Organization
b9f22da1,Individual
dbc3d85d,Organization
6a426d06,Individual
a54f8bd8,Individual
6bf43443,Individual
e714d9ce,Organization
9ab277c0,Individual
6fb63fe7,Individual
40d5e3d8,Individual
f6d4a915,Individual
a1a27ee6,Individual
48d12136,Organization
0a5d91a9,Individual
d31d8645,Organization
a2e4a0ee,Organization
49cd3f44,Organization
acb71f41,Organization
c72afb6f,Organization
8b375525,Organization
bc1ed653,Organization
da12dd3a,Individual
fabe34cf,Individual
55da7946,Organization
3796a0ee,Organization
2ec5a168,Individual
e40bc1d9,Organization
721b5795,Individual
3f3abe60,Individual
c1028f34,Individual
64b962a2,Organization
b910b930,Individual
c34fb3e5,Individual
48ab2a1e,Organization
9281a0ed,Individual
acf03110,Organization
ddfb28ef,Organization
974ec16d,Individual
445abbfb,Individual
c6ec1ea0,Organization
b669b12b,Individual
bea3e4bf,Individual
e44c0a3e,Organization
69e9f94c,Individual
fd98e18e,Individual
a95fba91,Organization
11c4b265,Organization
96430c67,Organization
8e51110b,Organization
885c119d,Organization
593b4da0,Individual
702ad564,Individual
163e74c2,Individual
41447e11,Organization
8fb6027d,Individual
2d6e023a,Individual
1677dea1,Individual
3545c5f8,Organization
599c3a0a,Organization
8754d520,Organization
55bd0cc6,Individual
79dce670,Individual
7a308085,Organization
166b235b,Individual
da6110a8,Individual
608ef6c5,Individual
cb00c310,Organization
44fb314e,Individual
1be6e3bb,Organization
6d260eaa,Organization
617a444a,Organization
e859b92a,Individual
b63458e5,Organization
0faa4998,Organization
4f4fa250,Organization
906f5fd4,Individual
99d96717,Individual
256ee37f,Individual
7c3ba06b,Individual
6f04379d,Individual
402f6b84,Individual
dfc4da45,Organization
f570c820,Organization
632e7b79,Organization
504f63a0,Organization
aea3347d,Individual
086834aa,Individual
ed743f02,Individual
8dc97380,Individual
3769dc78,Individual
8a738fa4,Organization
267d5960,Organization
e84be1c9,Organization
bba49d86,Organization
fa977e92,Organization
0249e5dc,Organization
20260903,Organization
35d8c478,Organization
33a94fb5,Organization
60b591f0,Individual
d61c666b,Organization
84a6aac5,Individual
ef18c215,Organization
ae9194f4,Organization
612b34d2,Organization
1446a176,Organization
251b0301,Individual
62a50c88,Individual
b41b6e2b,Organization
af4365cf,Organization
719fcbd7,Organization
774fb2e4,Individual
d7e882dc,Organization
7942c6fa,Organization
94ce4e5f,Individual
9c18fc42,Individual
e0637a33,Individual
22ebf7f3,Organization
f18dd506,Organization
dd6ef5e5,Organization
8dc27bdb,Organization
28483a3a,Individual
1321e59f,Individual
3513e963,Individual
edc200ac,Organization
8fe3b973,Individual
dbc6cb3c,Organization
f006239a,Organization
95235991,Individual
265178ba,Individual
81cb9a34,Organization
3cbe90c5,Organization
9c64d47f,Organization
9f9e7f6c,Individual
ed34fe11,Individual
142e2e44,Individual
ffda8c33,Individual
232bcfbe,Individual
ce4f838e,Individual
e089f269,Individual
62ac3365,Individual
4a0c434c,Individual
7b3d6baa,Individual
8c6f59cc,Individual
4317b8d4,Individual
60eae4f4,Organization
ad2599b8,Individual
fd694896,Organization
87e16871,Individual
1d2c3266,Organization
35aafb7f,Organization
64f33400,Organization
fdff0422,Organization
b9d9b4eb,Individual
703dcf44,Organization
501fcab8,Individual
d618dafc,Individual
fdab6b94,Individual
289508ab,Individual
ee863650,Organization
733d7924,Organization
266b8131,Organization
cd71d4f3,Individual
05ec8b8a,Organization
214e6801,Organization
0bf1f5e3,Organization
6218abac,Individual
cd2940b7,Organization
b7ec9759,Organization
127a3ff8,Organization
ec7c72d6,Individual
bf73e5d4,Individual
9b691f04,Organization
63d266dc,Individual
3b8efee4,Individual
9268f44c,Individual
f74501bf,Individual
e854e2d4,Individual
f534c42f,Individual
bba51771,Individual
62df67dc,Organization
4e9fd9ce,Organization
57ec2300,Organization
f81a508b,Organization
24703d2b,Organization
c7a7601f,Individual
6246ad61,Organization
f3ffdb44,Organization
e662b7aa,Individual
edab522b,Organization
2e81213a,Organization
cc19b0a2,Individual
2ecb02d9,Individual
5af38ce9,Organization
ece8a35b,Organization
56fa1368,Organization
3b801fe8,Organization
186af95f,Individual
3d788154,Organization
c8fb03cf,Organization
9fd54094,Organization
7b134556,Organization
468f754d,Individual
65a56398,Organization
e34285bc,Organization
39378723,Organization
2eb2b5db,Organization
bc5c9cdb,Organization
7fce2ce6,Organization
b4cca94b,Individual
c14866d5,Individual
004688a3,Organization
9b7dd525,Organization
471084ba,Individual
7801434d,Individual
d1ce400b,Individual
35a8df18,Individual
454a6719,Organization
25a4f643,Organization
1bd48b8a,Individual
27239a0b,Individual
460734b1,Individual
1bec14e4,Individual
ed92b9cf,Organization
6cb7e90f,Individual
ca206fb4,Organization
e22ae792,Organization
85c58f76,Organization
6afa3b5d,Organization
8ccf7f11,Individual
21e57e8f,Individual
fb0e7c3b,Organization
94252977,Organization
61399ca4,Organization
1701dd4b,Organization
9c664809,Organization
be456b8f,Organization
4a411415,Individual
0c9a138e,Organization
0731f0b0,Individual
3ac05aee,Individual
77ffabfb,Organization
ced12ff6,Organization
6b96d549,Organization
004f91bf,Individual
c7fac669,Organization
473f7be0,Organization
b0dd8aad,Organization
dc82d9c2,Individual
c3b0af19,Individual
0fbcf594,Organization
99700848,Organization
5e20f276,Organization
99bb6d6a,Individual
12bdb6fb,Individual
ccd752d0,Organization
94b8f80f,Individual
e839f3a2,Individual
1eb00d72,Organization
bcec86cd,Individual
cadf51cb,Individual
4edc346f,Individual
8b55a009,Individual
8a079dec,Individual
90debfb4,Individual
4b3e43e1,Individual
af0e7987,Organization
24eb494b,Individual
1e32e471,Individual
2f29326c,Organization
3938ef4d,Individual
62c94a82,Individual
12b6cebf,Organization
7ebb8844,Individual
0d937e96,Individual
d5118857,Organization
1488874a,Individual
cf8fce8c,Individual
3aa25e74,Individual
f121d205,Organization
8259c381,Organization
b224f53e,Individual
352c02c5,Individual
5709f463,Organization
7d6b94cc,Individual
7b64b753,Organization
4ad6172c,Organization
fbbfe345,Organization
fef91db7,Organization
7e5b6135,Individual
842b0871,Organization
6ba85e82,Individual
d5f8155e,Individual
a12f97df,Individual
33703e9a,Organization
dd360c3b,Individual
9d5e5177,Individual
e8f599cb,Organization
399bf8c0,Individual
152da96a,Organization
d3b5e285,Individual
82b78884,Organization
5ab5886d,Individual
f3a0ca5f,Organization
3dd9a963,Individual
3b3f4a6d,Individual
547cd105,Individual
0783b719,Organization
24525ec6,Organization
4872b252,Organization
089ac0d0,Organization
9dade603,Organization
92d78ba0,Individual
6b1b003a,Individual
fc14b5b2,Individual
26ac9cf8,Individual
5d4a2c6f,Organization
49534cee,Organization
304f696e,Individual
102bbd04,Individual
450b26a3,Organization
ad7cf980,Individual
bbb03066,Organization
ab522d47,Individual
60bfbfc4,Individual
7f5af355,Organization
ae3cf6d2,Organization
854fbb85,Organization
c58c8710,Organization
3af514ab,Individual
28cbd602,Organization
e3091499,Individual
d2395430,Individual
e761ef4e,Organization
c0be07cf,Individual
03841b7f,Organization
f22140cc,Organization
50400aea,Individual
c413dbc8,Organization
e7eea531,Organization
6f969c25,Organization
198c7de1,Individual
cdece539,Organization
b6ea2260,Individual
738bc602,Organization
dba17e86,Organization
40e6b707,Individual
34dbfdd8,Organization
a7794e4a,Organization
43816090,Individual
9fc99a9d,Individual
a5718fdb,Individual
14ec864f,Organization
8d250fe5,Organization
df890ee0,Individual
ecf4b78d,Individual
964b03cd,Individual
dfd72b9c,Individual
a835a2db,Organization
d8113d66,Organization
695bed33,Individual
7b320c76,Organization
26b8888f,Individual
6e8713db,Organization
45b204e9,Organization
f5db48f3,Individual
6230e170,Individual
80f2bdd1,Organization
072d12af,Organization
6917a13e,Individual
20ad5893,Organization
0f439d4d,Organization
e885b5f0,Individual
11f07591,Individual
43365c5d,Individual
3fd4aac5,Organization
947c6c4f,Individual
c9ba9e03,Individual
ebb91c61,Organization
8c8ed701,Individual
e0a540d4,Individual
a864b2a8,Individual
736cb0c8,Organization
92f53eca,Organization
f4072ac4,Individual
9dff2f15,Organization
dd8d1fe5,Organization
ee957ad4,Individual
627e5b32,Individual
b0b9862e,Organization
b98bd7f5,Organization
8a7ad3ae,Individual
b652c1e3,Individual
15bec30e,Organization
feb56c0d,Individual
0913118a,Individual
2c999002,Individual
cd5fb719,Individual
2000a7b6,Organization
5afc4c60,Individual
3f9c864b,Organization
933df3fb,Individual
9df5d773,Individual
997f4dbf,Individual
009eafc8,Individual
6dd54fab,Organization
aa33b5c6,Individual
ef0fb00a,Individual
0bacce3e,Organization
cd97d516,Organization
23b5cbae,Organization
ba65cda8,Individual
e32a1c4b,Organization
06ccbce1,Individual
c00787b8,Individual
9c5ad794,Individual
2e801117,Individual
8d587a4b,Individual
85671d83,Organization
6f128c53,Organization
270dfa35,Organization
66cbde52,Individual
8d1b300a,Individual
fb5b4837,Individual
0f7fabab,Individual
cf15ab31,Organization
5bb46490,Individual
2492f1d1,Organization
50b38326,Individual
ab1f0218,Organization
d0cbf07e,Organization
024746a6,Individual
6615d6b2,Organization
ab6f09c0,Organization
c415af49,Individual
438ff755,Organization
00387f69,Organization
d1135514,Organization
0ca316b7,Organization
f24db7b7,Individual
cbecbd9c,Individual
cb6075c9,Individual
936dc989,Organization
e7714299,Organization
5b5f59d5,Organization
3265d432,Individual
f313dfa3,Individual
70b81765,Organization
7970aef0,Individual
4e4540a0,Organization
ca0e5e5b,Individual
054dd6a5,Individual
4eaf50ea,Individual
28392f04,Individual
fcd47a46,Organization
d9c44440,Organization
a5368aa7,Individual
4b104675,Organization
38fc401a,Individual
1a6f7c62,Organization
a7abc5e0,Organization
e9efd64b,Individual
ebeeb18d,Organization
8760035c,Organization
2229d9c8,Individual
5d1fb712,Individual
1e025914,Individual
5c5a8e64,Individual
8284e4ed,Organization
730efb73,Individual
46e13a74,Organization
18705bec,Organization
a61c6722,Organization
9023f029,Individual
b3667d82,Individual
3db31fc4,Individual
2a1c78dd,Individual
75bc51ed,Individual
2d2b3b4f,Individual
920e6203,Organization
e2b66a76,Individual
b54e0a9c,Individual
11e94558,Individual
ae0202ee,Organization
41cebfba,Individual
1660fc8c,Organization
d69b82f1,Individual
945b8d06,Organization
e943e8a2,Individual
826c60e7,Individual
4cdbf369,Organization
6b022783,Individual
de8cc4e3,Organization
17f766c1,Individual
fd97c8d6,Individual
25783e52,Organization
ef12864c,Individual
4369948f,Individual
38437f6a,Organization
45460638,Organization
38eabc52,Organization
c79ef4e9,Individual
865ed059,Individual
82c96b94,Individual
d670973b,Individual
bb5f23e9,Organization
e475d987,Organization
e26c7158,Individual
8e377d86,Individual
b6c6c6c1,Organization
cecee6fa,Individual
ac83f9ec,Individual
6d8f6b32,Individual
37b2f100,Individual
302b1869,Individual
31aad7fa,Organization
afd0a357,Organization
2915e022,Organization
3d1e3c00,Organization
3ff49ea0,Organization
1ecf4726,Individual
71e8a3b1,Organization
419e6b90,Organization
227a7cbb,Individual
fb7e79e2,Organization
6be59144,Individual
3c8dda9c,Individual
54054d23,Organization
913c8433,Individual
ae58abad,Individual
89092bd5,Organization
4d0fc34e,Individual
747fb05f,Organization
a2a81bb9,Individual
fa6affb6,Organization
4cea6cc0,Organization
3d0335ce,Individual
55b8c259,Organization
836d51ed,Organization
938e4376,Individual
ae9d5927,Organization
8c4a4c05,Organization
67d3f65f,Organization
716bf2b6,Organization
ad35880e,Individual
db0f7ce7,Individual
9c005f08,Individual
a050fd98,Organization
8a4ce6c0,Individual
f5f917ec,Individual
314d1b4a,Organization
34903358,Organization
fa502e1a,Individual
793a0fb0,Individual
a9c2c4a2,Individual
366d3ccd,Organization
fc3de004,Organization
8166d149,Individual
f33c354d,Individual
1596b671,Organization
7573c94a,Individual
240365cc,Organization
f70accdd,Individual
9d720fef,Organization
fa3c624e,Individual
bac0e33a,Individual
1b6c3d68,Organization
f157f2d8,Individual
560c7999,Organization
6c45f799,Organization
51b75122,Individual
7d4ed107,Individual
c08c7109,Individual
9cd98f83,Individual
1a386fb7,Organization
00265018,Individual
7c48e36f,Individual
58fa1f93,Organization
05a75bcb,Organization
c97242bd,Organization
d6e78109,Individual
255fcccd,Organization
d679c1b5,Individual
8cd63b4d,Organization
8d4e4a76,Organization
25055cba,Organization
42162cd9,Individual
1fc292d1,Individual
2b3222a4,Organization
328a2155,Individual
64a7869c,Individual
39d037bb,Organization
1a551f8d,Individual
fdcede77,Organization
b6feb20f,Organization
338fde25,Individual
105850f1,Individual
fe66801b,Individual
d29617cd,Individual
0556731c,Organization
39d6ac0d,Organization
1204f964,Individual
afa12839,Individual
f7f5daf1,Individual
05b10f6d,Organization
e687b7f1,Individual
58762fa5,Individual
c1d3aa6c,Organization
375e3fe2,Individual
a64274f5,Individual
ea1b931f,Organization
29fe9064,Organization
1fb15765,Individual
dd5a1c02,Individual
14c0f12c,Individual
aecd1968,Individual
5a9171ca,Individual
b3c196be,Individual
6bf377a3,Organization
4f30f91a,Individual
b7d6544c,Organization
cd9bf216,Individual
0c4a9754,Organization
b77492af,Organization
cc3d03a8,Organization
4bb05617,Individual
31398c4f,Individual
dcf73a30,Organization
80fa5ad5,Individual
849c8103,Organization
fa3b0ce8,Individual
c6d8532e,Individual
932c26e1,Individual
ccbae3ed,Individual
df83bd80,Individual
fcdc0b41,Organization
d05b66dc,Individual
6f6cbf0a,Organization
681bc8f4,Organization
6eb40c3f,Individual
c9db46a3,Individual
314a0f41,Individual
f19906d8,Organization
e8a0d282,Organization
d536afd2,Organization
3cd86023,Individual
b2b955e7,Organization
1f1af3df,Organization
f8302514,Individual
1afe246c,Individual
04184186,Individual
9e2dba10,Individual
bb1ca74a,Individual
6f97880b,Individual
0330d130,Individual
daf1c7b8,Individual
5e4af5e3,Organization
d30ff896,Individual
ae6479bb,Organization
6ba8ad78,Organization
ca8ef721,Individual
c0e30214,Individual
af63a264,Individual
66e732db,Individual
eb3abdbc,Organization
6b98174c,Organization
4781823d,Individual
5c3f5042,Individual
e5ef8b56,Organization
b8640f7f,Organization
789ae585,Organization
4cd70f15,Individual
7dd52bb1,Organization
05dd68a4,Individual
d5e66c82,Organization
4c589db1,Individual
37931632,Organization
37137203,Individual
14509d35,Organization
64aa992c,Organization
e386db5d,Individual
6de2d027,Organization
cbd519d0,Organization
1b6403d2,Individual
4b998739,Organization
2b390139,Organization
34bb6df2,Organization
d911d5c9,Individual
23c3a3c3,Organization
e9353f2d,Organization
2e984d6b,Organization
b30dad41,Individual
f4f6b7fa,Organization
d5a28c49,Individual
416d28d1,Organization
1fa26095,Organization
8d6ae101,Individual
1a18f25f,Organization
039458b6,Organization
9fe30c1c,Organization
8379947f,Organization
5fddda45,Individual
202935a4,Individual
022ec4f2,Organization
490dd88c,Individual
1b0eb119,Organization
088b5dfe,Organization
4a0d8191,Individual
9cfa4c41,Organization
941848db,Organization
445d899f,Organization
8c5a4cbe,Individual
5d657152,Organization
6041f207,Individual
66cec507,Organization
45c1e5ab,Individual
2a063ec0,Individual
20ceba86,Individual
c5f7a40e,Organization
9c92fe42,Organization
a7a3ace0,Individual
b4c463b3,Individual
19393c6c,Individual
a54bc42d,Individual
4daab6d5,Individual
c04118c8,Organization
cb2be80d,Individual
997e81cf,Individual
2855fae3,Organization
15e81807,Organization
1ff7a87f,Individual
c331aeb2,Organization
4686c342,Individual
810ada43,Individual
5b159b43,Individual
474ac4f3,Individual
26dcad72,Individual
4b14ff39,Organization
fa6fdba8,Organization
e8b6241c,Individual
e4deae4f,Organization
2c37d43a,Individual
4fac6170,Organization
90aebc1f,Organization
2611b03f,Individual
8d2e866a,Individual
380544d7,Individual
b1d7d2d6,Organization
d548bc21,Individual
999950fb,Organization
b68a0bcd,Individual
29617a85,Individual
533e45fc,Individual
404676a9,Individual
862635f8,Organization
e968de7e,Organization
e9517f07,Organization
cda3cbbc,Organization
8e56a7be,Organization
8099754e,Organization
2ff5c90d,Organization
872c590a,Individual
41960d8b,Individual
9d50d504,Individual
55400620,Individual
2e7c9a37,Individual
073b0c89,Organization
880a18e3,Individual
3a52217b,Organization
df4d0f31,Individual
bfcb5232,Individual
dd9041d0,Organization
2a8fa3ef,Organization
3a3ec898,Individual
ac611eab,Individual
6327ae20,Individual
2c2aa6ef,Organization
91ce6d19,Organization
5dc4f8ac,Organization
51535bd1,Organization
a2838851,Individual
fcbf1679,Organization
94fb33ed,Individual
be04a01e,Individual
2734c5b8,Individual
b08852fd,Organization
79c4eb8f,Individual
f5a0830d,Organization
8d9c029e,Organization
765dfddf,Individual
cb46dc75,Organization
5934146c,Individual
ee03f18c,Individual
0b938745,Organization
65d4cb14,Organization
bf8c4354,Organization
4cda40cf,Organization
ad920e85,Organization
7204ff87,Individual
794c6221,Individual
6b3fc087,Organization
a56c2f0c,Organization
928c583d,Individual
ef2a1941,Individual
b6895d8e,Organization
a160c759,Organization
2952a46e,Individual
e5ece8b6,Individual
ccad02aa,Organization
cf506af0,Organization
0c0de11a,Individual
79710958,Individual
7f220683,Individual
81bdabc2,Individual
f3952f3e,Individual
7ed52460,Individual
b84fcd7b,Individual
c3824dd4,Organization
863ddb28,Organization
89869689,Individual
61bbf82c,Organization
6b81a8f8,Individual
b8a84658,Individual
d43984f6,Organization
af1862cd,Organization
a6c354c6,Organization
f165498e,Organization
3b95e952,Individual
40b1afcd,Organization
3dbbe060,Individual
f300e063,Organization
9b7054ad,Individual
f2fe830e,Organization
406b439c,Organization
86c0c25f,Individual
e9186f81,Organization
d28e809a,Individual
b46b1074,Individual
d9d1c5d8,Organization
d270b53b,Individual
b827597d,Individual
0c64737d,Individual
c6ff69c7,Individual
eed4e40c,Organization
9ebf9598,Individual
f85cfc15,Individual
e81d0f35,Organization
56a0107f,Individual
045d9af4,Individual
6dd0116e,Individual
b075b31e,Individual
8950bb8e,Organization
016d1632,Individual
600a56a2,Individual
b618f1bb,Individual
ec931a23,Organization
eee78bd5,Organization
ddf316e3,Individual
4fc0c569,Organization
e427f403,Individual
9ddff78e,Organization
798ffe3e,Organization
30db160d,Organization
9b222f96,Individual
6da826e9,Organization
c2cc6b81,Organization
83f01599,Individual
537ef3cc,Individual
2db6bd11,Organization
ecff65a4,Organization
1503f49b,Organization
cb3876be,Organization
305686a1,Organization
138cb153,Individual
0c57ad3b,Organization
5fb60199,Individual
106f1855,Organization
b12a769b,Individual
fd485c34,Individual
62361fcd,Organization
4ff0792e,Individual
d204e2d9,Individual
da6755b7,Organization
fcdfe5fd,Organization
6cd2137e,Individual
24dd2cd6,Individual
79e9e2e8,Organization
9e46f316,Individual
f86c9350,Individual
88de2b4a,Individual
29a4838f,Organization
62369b75,Individual
b1b11693,Individual
b5218b0b,Individual
4dc6e0a1,Organization
9d1facd4,Organization
909603c0,Organization
31894485,Individual
cde5ab19,Individual
b44c2d22,Organization
344ea44a,Organization
501d88f2,Individual
38714b67,Organization
08aa1c3c,Individual
2dbb9102,Individual
fc5c81b0,Individual
1a59d0be,Individual
4dfc2c2b,Organization
54720f27,Individual
cb6ef90a,Individual
d2efe997,Organization
471a1b4e,Individual
7277c94c,Individual
b59bd631,Individual
c630e707,Organization
dbf49355,Individual
a167272f,Individual
cf34c30f,Individual
0dd375bf,Individual
d587b132,Individual
90e9946c,Organization
9625d423,Organization
c307b00d,Individual
6bbebe5f,Organization
3c4d3909,Individual
0313969f,Organization
9a0dcf97,Individual
db732647,Organization
a3f1b7f8,Individual
c0951fe7,Organization
e2c35ee6,Organization
5e06c1e4,Organization
7fa0a576,Individual
d82689ed,Organization
7f289e88,Individual
0afb2756,Individual
cd3353d1,Organization
74a11eba,Organization
43d2e613,Organization
8e9b5276,Individual
7f2a7f1e,Organization
9452e9fe,Individual
cb165636,Organization
10931dd8,Individual
47bee850,Individual
f6b75d72,Individual
2abcb6a0,Individual
9d2a3bda,Individual
2c0c42f5,Organization
c2703f21,Individual
96ee9568,Individual
87efb81b,Organization
3499edce,Individual
3a2d81a0,Individual
e431c215,Organization
8887e0e5,Organization
3374cf44,Individual
2b439ef3,Individual
2e055926,Organization
b9c5bd22,Individual
5988d275,Organization
e93469a7,Organization
222f5f20,Individual
719a3cf9,Organization
a2a578a1,Organization
12005bc5,Organization
ea66126a,Individual
a3b153e2,Organization
6df82627,Individual
e75b68fe,Organization
51f2e0d8,Organization
11741848,Individual
5797c9e6,Individual
114817c2,Organization
a0a93788,Individual
52c04eff,Individual
862deab5,Organization
7c7d4247,Individual
2aaa0a72,Individual
6a9a69fd,Organization
eee67980,Organization
6f4b740a,Individual
c06ce34c,Individual
85e7fcdd,Individual
5f0e71e3,Individual
9a814053,Organization
1ccd462c,Individual
a9cb9f58,Individual
d5c3d2b9,Individual
b866987f,Individual
bf132005,Organization
0fa8e573,Individual
0cb4145c,Organization
860caec8,Organization
989b7075,Organization
2ddf0b0b,Organization
0efd4226,Organization
68331f66,Individual
1aa123b5,Individual
951c1e7d,Individual
bd47b70a,Individual
9e4d7875,Organization
7f0a01c6,Organization
546219f1,Individual
5455cccd,Individual
d1a6f694,Individual
3206a37a,Organization
82f482c7,Individual
7b41df2c,Organization
ef32777a,Organization
d45286c5,Individual
0e331023,Individual
2b9cb6ec,Organization
e5c24872,Individual
6c10d39f,Organization
34587d3d,Organization
69402363,Individual
e1ea6695,Organization
4fae65f1,Individual
8c381565,Individual
649f285b,Individual
d76e7fb9,Individual
17e1e22a,Organization
6a3c8d67,Organization
98c79979,Individual
fc7a0657,Organization
5b591b0f,Organization
a2213cc7,Individual
c9059285,Individual
fe6cbe20,Individual
5d41a54c,Individual
6c748344,Organization
d0579988,Individual
740cbcbf,Individual
762744a0,Organization
c8b79e65,Individual
34f31bf8,Individual
93b6d8ed,Individual
c4a8b3fc,Organization
43bc2699,Individual
15c20991,Individual
a7698e9e,Organization
c7a0c431,Individual
a66d6b8e,Organization
37bd031a,Organization
dae5fc88,Organization
8bb1eaac,Individual
3be937e1,Individual
de22bd71,Individual
dccfb151,Organization
fb5e7b9c,Individual
de22f25b,Individual
0f93d1e6,Individual
a967a45e,Organization
f7d86fc9,Organization
06525dd5,Individual
be42abdc,Organization
ec3c8600,Organization
8383a234,Organization
ea2bb6eb,Organization
96c058bc,Organization
8fbc3df5,Individual
2c0b062c,Individual
f76f0f03,Individual
5363df72,Individual
36b5c932,Individual
e7151724,Organization
a72479b3,Individual
d96e436c,Individual
3635112f,Individual
ca96678f,Individual
bc6030a5,Individual
1efd4c15,Individual
1c965d9c,Individual
504bf3b3,Individual
a7de164d,Individual
83726f0a,Individual
59684eb9,Organization
8bc639a1,Organization
2d6d8cae,Individual
6009b654,Individual
ff4032d9,Organization
8677e65a,Organization
632f7bc0,Organization
c0e78452,Organization
a5b9c116,Organization
1ea9dd47,Individual
9c7a5691,Organization
2bda0dd3,Organization
c758c8ed,Organization
f17c69b9,Individual
2ef38a50,Individual
0da1a1de,Organization
b2ceb4f5,Individual
d54877bc,Organization
2d381e6d,Individual
49be8da0,Individual
405fbb60,Organization
7c0a59fe,Individual
106bfe58,Organization
26586756,Individual
233c347e,Individual
8e4e733c,Organization
014f6c10,Organization
824c6c8f,Individual
cce8e7dd,Organization
ae9756da,Individual
ca1d041a,Organization
e3957731,Organization
bcb4375c,Organization
e4ff6123,Organization
b45bda2e,Individual
d4011ead,Organization
dbc0d7b8,Individual
f809f2d6,Individual
6ed256ba,Individual
8def8429,Organization
86593869,Individual
b770d9ef,Individual
96ab5c2c,Organization
b4301208,Individual
cda50dd4,Organization
275e6f44,Individual
207d5fb1,Individual
e7433ed3,Individual
e61e17ff,Organization
9a190598,Organization
739c1cf7,Individual
d9a8c2a4,Organization
3788f86e,Individual
255cce2d,Organization
d19e8bce,Individual
ba3122e1,Organization
256a9ce3,Individual
20bb3ae1,Organization
5e6740d8,Organization
2745212f,Individual
b0cf1f09,Individual
8e74a448,Organization
089141a6,Individual
f5df74e4,Organization
4aa286c1,Individual
eaaca42a,Individual
c278660a,Individual
b90ca97b,Individual
7278fd92,Individual
f183a3b9,Individual
e8eb4bdc,Individual
3178f811,Organization
3df70e26,Individual
c595366f,Individual
c3b10293,Organization
bfb69a29,Individual
2a3d10f9,Organization
3a8b6f93,Individual
4c0eef80,Individual
e5b5d756,Organization
af5362da,Organization
b2ff7e93,Individual
08a87ae4,Organization
2d4bd823,Individual
47681e8a,Individual
5a58202c,Organization
feaa1e91,Organization
9c0c6e35,Individual
e6e8c4b4,Organization
aa65e459,Organization
d8cd8cd6,Organization
b1a8c238,Individual
36f192f2,Individual
a60a8404,Individual
383955f2,Organization
2fc7730b,Organization
7d8d1e5b,Individual
8dbd3a79,Individual
23594d93,Organization
7daaa930,Organization
327c4b0e,Organization
dcc9e8e5,Individual
0c08d708,Organization
691271a5,Organization
15636134,Organization
2faa4fc9,Individual
65fd3289,Organization
8ef3a371,Organization
ec273ce2,Individual
c804c52f,Individual
87c5e9c9,Organization
9438720b,Individual
857702bd,Organization
20ba6ecb,Individual
ff1e7d09,Individual
22af6c65,Organization
33449682,Individual
f4fbe9ba,Organization
feb763a6,Individual
e5d1e4ba,Organization
0a3e235b,Organization
1f3bbc4e,Organization
ae03badb,Organization
ffa7d492,Individual
0c211e98,Individual
79c67aa5,Organization
98b47848,Individual
9581e264,Individual
980f2b24,Individual
f86b3f6a,Organization
18c7a947,Individual
f57fd5ac,Organization
07bac067,Organization
af9f4b28,Organization
6d2d04c7,Organization
93d897ea,Organization
3390dbd6,Organization
92baf8a9,Individual
7eaa0886,Organization
4e51d9f0,Organization
2120782b,Individual
ceb88ed4,Organization
4ec69392,Individual
b21ea09e,Individual
32f6b77e,Organization
403b56e5,Organization
4cad2f0c,Organization
056eb2c0,Individual
7c01c2eb,Individual
e09cd38c,Organization
a7658439,Organization
82255ccb,Individual
50318ab7,Individual
27ae09fc,Individual
69c55e32,Individual
00384468,Organization
5719cd60,Organization
6f0c70bf,Organization
aa04c389,Organization
d7fbd913,Organization
3cb31b85,Organization
bcc16e3a,Individual
37cb85fe,Individual
29f40d40,Organization
c8a1f50e,Individual
2ad537f4,Organization
4fc9f631,Individual
6a3dc6b0,Individual
61b3a85e,Organization
8435aaa6,Individual
acef4cc6,Individual
ef6ba4bb,Organization
c1cf82d2,Organization
0e65f5a0,Organization
eba8ebe7,Individual
fe705b0a,Organization
1eb97446,Individual
3ad27cac,Organization
8d881295,Organization
90d88433,Organization
3cd9a61f,Individual
c6b4ed2d,Organization
5e299253,Individual
d191292b,Individual
496b3b0a,Individual
31e4699f,Individual
dd3e04cc,Individual
0546a875,Individual
24b267d8,Individual
333176a5,Organization
692065a2,Organization
5f63eeab,Organization
3853493b,Organization
58a5b1c4,Individual
703aeaf2,Organization
d707722b,Individual
5cdac0f7,Individual
a7e6a1f0,Individual
acf81cf9,Individual
5013c151,Organization
2f194cbe,Organization
7d6c2264,Organization
67e61897,Organization
d023d71c,Individual
98136a0a,Organization
78006b44,Organization
3220250e,Individual
45b15cde,Individual
8468d793,Individual
8ef44ff7,Organization
525e02ee,Organization
508f54f2,Organization
3fa82407,Organization
31c89041,Organization
01b835fa,Organization
9e4a500f,Individual
6572c759,Organization
12b14caa,Organization
eaaf5f62,Individual
5aef417f,Organization
96cdc454,Organization
7a67fdd9,Individual
630332ee,Individual
58523bf9,Individual
f8bd845d,Individual
490fec15,Organization
d8ecdecf,Organization
9d801b85,Organization
134b78a4,Individual
87ad573e,Individual
f9ff78f3,Individual
c2d52d2f,Individual
99a45d78,Organization
c4a55a9f,Individual
527a52e2,Organization
0eecda2f,Organization
36e457e5,Individual
be7dd674,Organization
be537505,Individual
5d075865,Individual
6f016573,Individual
e9df53a0,Individual
1cdcf5eb,Organization
bca9e7c0,Organization
700e5f1c,Organization
fe22a148,Individual
b213b58d,Organization
ab39338c,Individual
ae7d4f40,Organization
cfaf40ae,Organization
b93e55b7,Individual
fb3c6844,Organization
2d033dd5,Organization
a900cce1,Organization
bcbe2d6a,Organization
8fe2786e,Organization
f76cfe4a,Organization
e73a1d14,Individual
b4a20637,Individual
0d64cf4e,Individual
1d52a49f,Individual
aeaa28eb,Individual
2b357249,Individual
3487ff36,Individual
590b3130,Individual
17721b58,Individual
08d8c8da,Organization
02425123,Individual
0318b0f3,Organization
9a35ca86,Organization
e92cfc1c,Individual
bfaa5f33,Organization
97ebbb11,Individual
ce479d5b,Organization
7d1b6dfe,Organization
654f6b7b,Individual
6a41f004,Organization
23decef8,Individual
89bdb1ac,Organization
d3877310,Organization
4efbe7c5,Individual
b1e6ac58,Individual
9cf93dcc,Individual
3fb93ddf,Organization
464cc667,Individual
998d57d6,Organization
5b7ec93d,Organization
467075a3,Individual
79607159,Individual
cdf6c61b,Individual
2a99f2a4,Organization
37533cb8,Individual
36d1cd61,Organization
d8cbfe91,Organization
2ff736c6,Individual
50487905,Organization
e35da4f8,Organization
323c5f95,Organization
b3da79d1,Organization
944d06d6,Individual
a5687d5a,Organization
0a4e8f78,Organization
1b93ea41,Organization
af550a83,Individual
b7335035,Organization
ad2cccbd,Individual
12be1432,Individual
e4acad37,Individual
a0409684,Individual
e6e42c9c,Individual
425a81ed,Organization
d4f3b368,Organization
9979d783,Organization
527c7bf8,Organization
f9bb36a5,Organization
0973f049,Individual
b8fa75ce,Organization
c4a07e85,Individual
5065af1b,Organization
b1bc4855,Individual
64c67098,Individual
208e72b4,Individual
7fd745e6,Individual
5eff1562,Individual
a05520dd,Individual
1f99b704,Organization
8a8988b0,Organization
e1f0f757,Organization
63c34fcd,Individual
26fbea79,Organization
42ef54a0,Organization
fd406e7a,Individual
a42e0c28,Individual
51fbe101,Individual
38542351,Organization
3167798d,Organization
94b8923a,Individual
043857b7,Individual
0e1925a0,Individual
7c46c467,Organization
773b81b6,Individual
297d26bb,Organization
c79048c9,Organization
2240521d,Individual
0eb24dc5,Individual
19f8ec22,Organization
aa95c4b1,Individual
d6ded686,Individual
d7c5d2af,Organization
fa353b28,Individual
b94c08dc,Individual
b12da1a0,Organization
4712bedd,Organization
a8f60fa2,Individual
86bd8e0d,Individual
148e0489,Organization
fa19b4a8,Organization
607481a0,Organization
4bfd74aa,Individual
5a331b30,Individual
afe20bbc,Organization
7a9a05c6,Individual
a745f8c8,Organization
0cd49d73,Organization
7613a409,Organization
59b3d2ae,Individual
ac1a010c,Organization
6564d80f,Organization
1c9215f0,Individual
a9ccf2bd,Organization
6cff39f1,Organization
89fa7aa1,Organization
d6a2a158,Organization
ba6b41a2,Organization
b455a86f,Individual
2def4d78,Organization
6bc427e0,Individual
4d2903d2,Individual
f643952c,Individual
f44f1250,Organization
b08c0c5c,Organization
772dec6f,Organization
007ea232,Individual
1a847b80,Individual
2a7ae725,Individual
e8612ddb,Individual
011c578b,Organization
0188234d,Individual
d342ac88,Organization
5f2e1b00,Individual
c1fcd9c6,Organization
b4ab79f3,Individual
7efb7f8e,Organization
0ed2665b,Individual
9ac7125f,Individual
c78a1ecd,Individual
90d41a3a,Individual
21918d15,Individual
8ed4543c,Organization
7e568ea7,Individual
9b1f6c72,Organization
a6d24253,Organization
88369a30,Organization
51af44ba,Individual
6f8c5b3a,Organization
e0204978,Individual
f1c954c0,Organization
7464084a,Organization
2a132b55,Individual
bf1686c8,Organization
17374fd4,Individual
0b87a046,Individual
411f60ec,Organization
f9cc9677,Organization
d44b282e,Organization
772e076a,Individual
d429c5ea,Organization
e10437b2,Organization
d4ada591,Organization
19cba72b,Individual
506d23fe,Organization
f1a3aa89,Individual
bf804b04,Organization
d2a447a4,Organization
6b56ef59,Individual
049c13e5,Individual
daff98c4,Individual
7f74bd6f,Individual
7c222836,Organization
5e2e048d,Individual
5c2853ad,Organization
38ac1c4e,Organization
9c567e26,Organization
3fa184a5,Organization
c06c9971,Individual
985f28d8,Individual
0fdacb09,Organization
cb6012c5,Organization
a7491769,Organization
e7826633,Individual
52930de7,Organization
1c5435bf,Individual
61aefa14,Organization
5ad934bd,Individual
d53aaed4,Organization
80cf8cf4,Organization
51954b10,Organization
e201e70c,Individual
1e129dd3,Organization
86cc490c,Individual
8aa351f0,Individual
2fade63d,Organization
b40c7449,Organization
dea8d94b,Organization
35592786,Organization
08f8a957,Organization
fa62e0f4,Organization
f46533b6,Individual
741cc1c9,Individual
f193c1da,Individual
3e89fc56,Individual
3ebf1fe8,Individual
60f52c98,Individual
1e6f4e36,Organization
86e4375b,Individual
23ec68f7,Individual
b42fd8de,Organization
0c44d85a,Individual
637b1588,Individual
e65a188d,Organization
d74aa526,Individual
96f79e5b,Organization
018c5c98,Individual
a2ca1713,Individual
6ddc5361,Organization
c0638c7b,Organization
f511ae90,Individual
81d601b1,Organization
ca2a1f0b,Individual
f0aeb87c,Organization
7579392c,Individual
7b38a0f9,Organization
ea1ce1a9,Individual
9298e4d6,Individual
eed98196,Organization
fdaf03c5,Organization
343b3a1b,Individual
ebc5212c,Individual
df68e750,Individual
cb0715e8,Individual
749a20f0,Organization
553d7767,Individual
fe955f45,Individual
fb288b91,Individual
2d62b3e3,Individual
6655f756,Individual
42bc73d7,Individual
8ba00046,Organization
a05214c3,Organization
16ce2889,Individual
0ba4076b,Organization
acda45a6,Organization
15e50b24,Individual
6faa833e,Individual
03fa363b,Organization
43c8e2bb,Individual
4e79e332,Individual
3595e2bc,Individual
cd833fa4,Organization
0d1a0490,Organization
c2b9b784,Individual
adea703b,Individual
86d41235,Organization
d3064322,Organization
080f2f73,Individual
dd75e09f,Individual
7e596e37,Organization
b007fad0,Organization
518c28e7,Individual
abbd0fed,Organization
bf517b77,Organization
a11e4e28,Organization
a060ca34,Organization
c111ff47,Individual
7cbf582d,Individual
b0639f31,Individual
afb1f69e,Organization
2c5452c6,Organization
5470541b,Individual
b43a2593,Individual
c777b246,Individual
e1a8b93e,Individual
680b5ae7,Individual
5c4f14cd,Organization
3c808050,Organization
808bae04,Individual
027f79a6,Organization
1dbf9a8f,Individual
5754e513,Individual
6f64a971,Organization
4ed3d7aa,Individual
6dd6f274,Individual
d22611fb,Organization
d7fd8165,Organization
3885cc23,Organization
c13f24ca,Individual
bcc7c596,Individual
369f0f2e,Individual
c0fd2a6f,Individual
1defad24,Organization
ee47f456,Organization
b9e6fbfd,Individual
0a6b6736,Organization
11a2c09c,Organization
41981a38,Individual
8b5cd911,Organization
50c7e98b,Individual
7524d773,Individual
79a4bddd,Organization
1eae58db,Individual
f633c75b,Organization
29da1b39,Individual
9dba0c97,Individual
23be39e8,Individual
e77f0311,Individual
ee06bf87,Individual
61aa6c60,Individual
df0e3bb9,Organization
d9b61464,Individual
ea0f1112,Individual
aa1f1bff,Individual
c13ef019,Individual
8774e0e4,Individual
3c1d1904,Organization
5e522667,Individual
42f144a4,Individual
b2b5a5ad,Organization
24d71275,Individual
72f97345,Organization
f03833ae,Organization
025e9f4b,Individual
c05e1992,Individual
19d3253e,Individual
df25f476,Organization
46bb3aaa,Individual
eee761a0,Organization
5d345992,Organization
d3e0de5d,Individual
066e08b9,Individual
e2705344,Individual
9bb8cb9a,Individual
d41f975e,Organization
6bd74ec3,Individual
85bb1ee1,Individual
c0337b20,Individual
348f1241,Organization
08a9fd19,Individual
71409ece,Individual
9d8c4248,Individual
8020ba5e,Organization
17453621,Individual
7a6774b1,Organization
06d7192a,Individual
a5a8b3ed,Organization
544fd29b,Organization
61cdb5db,Organization
62e76eab,Organization
1fbd8357,Organization
b19e414a,Organization
0536f78e,Individual
69f5411b,Individual
7145b626,Organization
a1df000e,Individual
5cbba3e6,Individual
846a99e0,Individual
917bf28a,Individual
5b336315,Organization
7f8705a3,Individual
95e62354,Organization
6783a21f,Individual
9c768859,Individual
71671e5a,Individual
16c8c2a9,Individual
6e78c94e,Individual
9ca58722,Organization
91304670,Organization
135ef43d,Organization
184554ee,Individual
39830eb5,Organization
413fefa9,Individual
7dcf8265,Individual
cb8d2778,Individual
d0e30bd5,Individual
b729f6d1,Individual
2f4b813f,Individual
7fc25217,Organization
c1a3d1f8,Organization
a3300d63,Individual
7e5b55b2,Organization
01c3b9ac,Individual
c6c4b86c,Organization
6180b890,Organization
f40e5269,Organization
488bac44,Individual
d8aa33cb,Organization
3018ffce,Organization
fa2a0669,Individual
0b575338,Individual
cd1f415b,Organization
0d271f1c,Organization
74230cb0,Organization
98fd83ab,Organization
0e132482,Organization
e4477d25,Individual
4ab42079,Organization
7f1fa473,Individual
0a700b1c,Organization
ca42759d,Individual
20418f07,Organization
193d13f7,Individual
76d78cb0,Individual
afe101a1,Individual
b5f41321,Organization
794fe16f,Organization
b9b825ef,Organization
8684ea85,Individual
c016d70a,Individual
6125d735,Individual
dc95ad15,Organization
ab65ca6b,Organization
4d7fb36e,Individual
50f3c7cc,Individual
f6450937,Organization
53e4acc8,Individual
96a3f865,Organization
d61e3bd2,Organization
a239bcdc,Organization
1d208d8c,Organization
cd952d3f,Organization
074f2e96,Individual
1aa371ae,Individual
a746c640,Organization
edb1c121,Organization
26106b08,Individual
dddc52e9,Organization
a4e1dbc3,Organization
74e2af82,Organization
2e85bdf3,Organization
79dbae3b,Organization
404327b3,Organization
8c3b49be,Organization
94410a04,Individual
2e644681,Organization
4797c47e,Organization
8031c13c,Organization
87af6b0e,Organization
c8ffebab,Individual
ee7b0721,Individual
c3d71c73,Individual
2ceae9dd,Organization
92e71f75,Individual
0d034f9a,Organization
d6d78074,Individual
254deff0,Individual
15e581c2,Individual
3e81ec5b,Individual
04c3a796,Organization
8a3d7b23,Individual
3c99daa2,Individual
34be421c,Individual
14f45194,Individual
007dfcc3,Organization
b2780952,Organization
ef2f292f,Organization
ba70b4dd,Organization
dcac4fc3,Individual
b4894b1d,Organization
5b9d93a6,Individual
3cb1f05c,Organization
18d3b515,Organization
25061e4b,Organization
688e13f2,Organization
c3c3c8a0,Organization
6fc88263,Individual
033e91f0,Individual
246c578a,Individual
0dd2fc26,Individual
d4ce2781,Individual
2efac9fa,Individual
6baab839,Organization
5e1dfd6c,Individual
89d7d96a,Individual
59e300f9,Organization
2a7e6388,Organization
9b95b673,Individual
ac00e1f4,Individual
7942d259,Organization
e1f096fa,Organization
640f5b2a,Individual
bd117321,Organization
f004d9ff,Individual
74f5c624,Individual
58da4b13,Individual
9be1f804,Individual
13b7417b,Organization
ed42e520,Organization
598afce9,Organization
ce93a5f8,Organization
88dddfa9,Individual
9f4a47a8,Organization
ab35a7fd,Organization
8e095625,Organization
d9d644e3,Individual
b2315513,Individual
7495077c,Organization
baae77f9,Organization
9bfd0018,Organization
e5ba7a10,Individual
578feb37,Individual
32c11efc,Organization
5b92a099,Organization
3436f04f,Individual
83dd9218,Organization
91fa35b2,Individual
2373f43b,Individual
b8069ce4,Individual
d3014c6a,Individual
d1386ae2,Organization
1e4147c8,Individual
9e68d549,Individual
605a77ae,Individual
5c41319c,Individual
f1f808bf,Organization
ebf222f3,Individual
6d46f387,Organization
e2a74aa9,Individual
82263113,Individual
8cd3c893,Organization
7e384d75,Individual
0af48241,Organization
dbd0384a,Individual
c4d94427,Organization
a071d275,Individual
89296679,Individual
0d1a45bd,Organization
d59392ee,Organization
76fccceb,Organization
a58c5345,Individual
0476c9ad,Individual
35e3e0ef,Individual
0583acbd,Individual
f1ca9e14,Organization
9e7179c8,Individual
dc70f218,Individual
3644ee75,Organization
0171d866,Individual
fd590769,Individual
16dbdf8d,Individual
ee1f3811,Organization
7625b2fe,Organization
ac03541a,Organization
69e36bbb,Individual
0a08e17d,Organization
aeecc864,Individual
affff645,Organization
24613da6,Individual
acfb2fdb,Organization
adab9901,Organization
d468741a,Organization
564cfa2d,Organization
76653a8f,Individual
1d6d3e64,Organization
c7843fd9,Individual
dc3de8c7,Organization
277b3c14,Individual
ee9d82c1,Individual
8213dbc3,Organization
d0cd0f61,Organization
fd1bbc1b,Organization
9af8af2d,Individual
f0d1bf4e,Organization
1f1e1169,Individual
477eaebb,Individual
057a8ebc,Organization
89724e86,Organization
bbf4793e,Individual
3bec7d30,Organization
9a4bb2e3,Individual
0b453c69,Individual
29bb6c5a,Organization
242632a6,Individual
c339e836,Individual
ac033b9e,Organization
037853d1,Organization
6174d969,Organization
41e48247,Organization
0a7f8203,Individual
dfcfce76,Individual
1a206da7,Individual
1129e81d,Individual
9f05c65c,Individual
8645af67,Individual
f40ee98a,Individual
88e8ca72,Individual
3cc27ee3,Organization
989528cb,Organization
c01afe99,Organization
789d3ce6,Individual
07ba7545,Organization
8db4ae95,Individual
58fc37ba,Organization
fd4fdc8a,Organization
f292f5df,Individual
197343b0,Organization
32df5087,Individual
1da4b4d4,Organization
2ff59bda,Organization
4cf6613b,Organization
90aa462e,Organization
78f3020b,Individual
39cacefa,Organization
6454c23e,Organization
6da4713a,Individual
af719efb,Organization
ec29723a,Organization
3682a8f2,Individual
ef0ba7cc,Individual
8f8e5d0f,Individual
e1477e78,Organization
dbe2376b,Organization
850cb760,Organization
f7a5ae39,Individual
6b234bcc,Individual
a23815e2,Organization
9ffd7ac5,Organization
428f7efe,Individual
63459944,Organization
31170836,Organization
d178db82,Individual
aa55d084,Individual
1378a1ff,Individual
e67674d1,Organization
fe9ac89b,Individual
81f0c293,Individual
d687b487,Organization
1894dd43,Individual
22bbf403,Organization
abc37287,Organization
ea9b54da,Organization
0104c32f,Organization
08793f4c,Individual
7785306c,Organization
89489610,Organization
b2bc8b4e,Organization
34d5fe37,Individual
33a36135,Individual
73cb4b90,Organization
08bfbc6f,Organization
fbfcc5db,Individual
ba2f92b8,Organization
3df374c0,Organization
2ea7d775,Individual
30df7f91,Individual
b5787d53,Individual
29e4e685,Individual
ce88977b,Organization
177efb61,Organization
045b705b,Organization
22e2b851,Individual
a5895bcc,Individual
52ba179e,Individual
9bb53a31,Organization
301c855c,Individual
4f68d043,Individual
56f04d96,Individual
1b474fcd,Organization
1da99bf5,Individual
b25e2e97,Organization
7a500cc2,Organization
f1746135,Individual
45e40691,Individual
8d1ff237,Organization
311c658c,Organization
3ffcef2c,Organization
778fef6a,Individual
3bf6ba0e,Individual
0ac64fc7,Individual
12ffa437,Organization
b4f069da,Individual
9e50ac0e,Individual
eb19db89,Individual
98dc700d,Individual
8048780a,Individual
41b8aa04,Organization
d288231b,Organization
f99380c2,Organization
7fb0100f,Organization
dbb5ec07,Individual
d8d3ec39,Individual
981b5b31,Organization
042f9221,Individual
d71c9541,Individual
3c3c7067,Organization
81ccee52,Individual
f2a63d70,Organization
dcb8a3c6,Individual
d81c9052,Organization
11ec01f6,Organization
586d07bb,Organization
0808ba87,Organization
74394eb5,Individual
903d96fc,Organization
0f6acb97,Organization
fc63e73f,Individual
12a5566e,Organization
127a159f,Organization
e2b788a0,Organization
720d47df,Individual
5eb7f122,Organization
1e97e622,Individual
274ec091,Organization
7cf4b8c5,Individual
12ac8f6d,Individual
8c48a031,Organization
63bd6738,Individual
d795c911,Individual
d06ef486,Individual
f435aa20,Individual
0dc7e6a3,Individual
fdf0ab4b,Organization
d715e01e,Individual
e70af66f,Organization
16a61680,Individual
08e1cf22,Individual
71ceb926,Organization
b954d79d,Organization
23d68e40,Individual
e50f3a71,Individual
9d059149,Organization
846a2b10,Organization
21a19332,Individual
9ae512c2,Organization
dd6e9969,Organization
1d404c00,Organization
8baf2a41,Individual
96767198,Individual
08ee81d5,Organization
1979af67,Organization
c57a0156,Organization
ba31d07a,Individual
7a00701b,Organization
8c368859,Organization
0aa3941e,Individual
b7c42d6d,Organization
5d703e0b,Individual
058463f2,Individual
d0773f74,Individual
d87e5cce,Individual
054c80bd,Individual
df5e90d2,Organization
a789b992,Individual
904726ac,Individual
7a0564c9,Organization
5b61b650,Organization
2858bdd4,Individual
1e39a67d,Organization
d7e0f3d3,Individual
758b1ab5,Organization
2d67d2a7,Individual
d98e9036,Individual
0d111065,Individual
35b642a7,Individual
f0a636b7,Organization
ad799837,Individual
65a95b75,Organization
40ab3686,Organization
bd5456f0,Organization
56f74bb3,Individual
b1087dba,Organization
8cde5dc1,Individual
b988408d,Organization
3f32881e,Individual
2626a97b,Organization
c6db71e8,Organization
6bb7e0b0,Individual
990e2c85,Organization
6ba3ae11,Individual
2f56cd73,Individual
9000ec6d,Organization
4ab5d54e,Organization
7fd7fcc9,Individual
7b0b186d,Individual
861e636d,Organization
0fd8a928,Individual
935be8c1,Individual
dc97b6fb,Organization
5322f740,Organization
10ac3a88,Organization
58686e23,Individual
225162fb,Organization
290a3cac,Organization
d51c9006,Individual
3b67b77d,Individual
68a4bf73,Individual
83a64437,Organization
056a57d6,Individual
32d4a096,Organization
4adfb173,Organization
ca88059d,Individual
ff484641,Individual
f55582bb,Individual
06e025ea,Organization
3e7c8730,Organization
62275883,Organization
350d9bbc,Individual
0128d60f,Individual
98cb79db,Organization
2881e6dc,Organization
be94fa8d,Organization
88608ec4,Individual
22028627,Individual
82d0d09e,Organization
bb31eb89,Organization
6eea7554,Organization
169e4792,Organization
ba52b26a,Organization
d47e3335,Individual
865715a5,Individual
9e9ac96e,Organization
cf47ebf1,Individual
405733dd,Organization
44e81abf,Organization
4f6e0b42,Individual
0b07fdca,Organization
49273892,Individual
7b32cdc3,Individual
cead6da4,Organization
8873eda5,Individual
18bb1a4e,Organization
0cebc2f4,Organization
93af53c1,Individual
858f49b3,Organization
34b3fdd7,Organization
84366930,Individual
68b17243,Organization
31472e31,Individual
e9284067,Organization
dfb15081,Individual
513504bc,Individual
0d571dfa,Individual
34fbbdcc,Individual
62c22bce,Organization
6f1d2c9b,Organization
4573493b,Individual
c83a4d8a,Organization
09666cf4,Individual
acd2120b,Individual
e40404b5,Individual
37226db9,Individual
e7c703e7,Individual
f45dec33,Individual
7209e11f,Organization
0b4fd06a,Individual
6a228726,Individual
4735181e,Organization
8e43c759,Individual
7b34b1e7,Organization
bf9b9ff9,Individual
3b4c2cb2,Organization
f6a1c1c4,Organization
fd49cb2c,Organization
da064c24,Individual
a3cabb17,Organization
88668021,Organization
9a46c190,Organization
7612f416,Individual
f6af44c5,Organization
5f498680,Organization
a9599a84,Individual
63ffaf86,Individual
818bf565,Organization
4c8d0047,Organization
5a3038ce,Organization
4b456ddb,Organization
2b6cf118,Organization
5d64abbc,Organization
130257e0,Individual
5b1ea885,Individual
6aab82c0,Individual
f035fe28,Individual
13b5cf9f,Individual
2a84f531,Organization
05bbdc1c,Individual
caf946e0,Organization
4df753dc,Organization
b7ee8d1d,Organization
7841b6b3,Individual
24302801,Organization
f05f6b26,Organization
c7031e97,Individual
ac33cebf,Organization
55a436cf,Organization
2a2d4562,Individual
38c7f622,Organization
61695321,Organization
d2bad25d,Individual
79050a57,Organization
e09dd05a,Individual
f26c66fa,Organization
699f477a,Organization
028aaa9d,Individual
8d897d92,Organization
f8ad338e,Individual
0d33873a,Individual
d4e450c4,Individual
cd2903c1,Organization
113b4148,Organization
2f3bb44d,Individual
14ebc5a0,Organization
e1c1d706,Organization
f695019f,Organization
291e3526,Organization
bc820826,Organization
ea6a4c38,Organization
5d03df90,Individual
aa8f0055,Organization
339b8146,Organization
1e98fe3f,Individual
9098b8a2,Individual
b2b833a0,Individual
b09e35d9,Organization
9c1a1e52,Organization
165f16cb,Individual
697861de,Individual
e8c7f40b,Individual
340a5f48,Organization
969814c3,Organization
d11efefb,Organization
288cba73,Individual
76965252,Organization
93a084ec,Individual
e0255dae,Individual
d015eb4d,Organization
8a383eb0,Individual
2de8830b,Organization
202acde5,Individual
99c556cf,Individual
b1738fa6,Individual
4631621b,Individual
f287d608,Individual
126eb578,Organization
830fcd41,Organization
95217cca,Individual
f05068ae,Individual
0f1484ed,Individual
c7b627e6,Organization
4fa2d449,Individual
605df431,Organization
b8170e5c,Organization
070864e0,Individual
b748178b,Individual
66a54d89,Individual
4bfce68a,Organization
9c18ecff,Organization
25b4db18,Individual
92f5b3cc,Individual
50d28438,Individual
5e3af58f,Organization
ef910fc3,Individual
24f419d6,Organization
252484e3,Organization
db1085cd,Organization
3d7eb3d1,Organization
1f479ba1,Organization
e519a933,Individual
03ed58ac,Organization
dbd4e634,Organization
e2489fd8,Organization
061c709e,Organization
9d8c97a6,Individual
6ef6bb52,Organization
00f115e9,Organization
61ec13dc,Organization
a4302ed4,Organization
95a15941,Individual
d3125e54,Organization
9cdbac40,Organization
85fd1e57,Organization
005d850b,Organization
2254f776,Organization
65fb20f1,Individual
cdb94f44,Individual
c9a2bc11,Organization
f3297f35,Organization
8d918d6c,Organization
13b007a8,Individual
dcea4c31,Organization
b31005e6,Organization
55c36f2e,Organization
371db6e3,Organization
45e1f3f3,Organization
ef493dbe,Individual
b669ad0c,Individual
97716b9c,Individual
ad01d7ce,Organization
e39e7ca4,Individual
85ce453a,Organization
40f62f3b,Organization
1c3fc057,Organization
7f56f379,Individual
f911cfd4,Individual
6575609c,Organization
7447be4d,Organization
e2a2cfd9,Individual
a64b0b86,Individual
7d0831ab,Organization
d6e1da83,Individual
d6f4ab7f,Individual
f19ba99e,Organization
60eac148,Organization
e4b16f06,Organization
ea2dd362,Individual
80336975,Individual
b28617a5,Organization
032e863f,Organization
3074d389,Organization
4ea977a1,Individual
948c0cbf,Individual
5be981ea,Organization
996784e4,Organization
4c2b111b,Individual
77bc1848,Organization
b1b6d575,Individual
4c2ab99b,Individual
3dd07455,Individual
ba24c637,Individual
a1ac9f36,Individual
bfe3dc1f,Individual
fef1e8d8,Organization
1c60362b,Individual
f205c532,Organization
ec1fc1a4,Organization
2a6448d1,Organization
35cb4a4c,Organization
6e2d5cce,Individual
2f09c1b6,Organization
9feedc66,Individual
2cc8f275,Organization
57247e17,Organization
e6e87bcc,Organization
aff71824,Individual
3478c173,Individual
2c79c92a,Individual
c5709a9d,Organization
236d3e7f,Organization
8f17818f,Individual
a115da31,Organization
9e15acf0,Individual
7b0b38d8,Organization
263592fe,Individual
5e819c41,Organization
cf74430b,Individual
08f9d1da,Individual
dbfc5c2d,Organization
2ddfee0f,Organization
29e9d677,Individual
f51a949b,Organization
2ff6b7f4,Organization
69260225,Individual
1d4ca04d,Organization
3c1bbcf4,Organization
da44e739,Organization
8fa61e03,Organization
82ba5e63,Organization
cc93a734,Organization
7dfdb51a,Organization
faf8cd49,Individual
fbad0c6a,Organization
63fbf1bf,Individual
ed682a45,Organization
e43745a8,Individual
15dde6ea,Individual
241b395b,Individual
d7854ad6,Individual
72e69d69,Organization
ca563ede,Organization
3e44c1c8,Individual
5dcbed98,Organization
788ff88c,Individual
2d0ad1af,Organization
c30d2c29,Organization
c6182bfa,Organization
ee2b0e78,Individual
bbac7525,Individual
d8a9e7c5,Individual
83213336,Individual
04d6b8f1,Individual
36821bf4,Individual
b5aef3bd,Individual
ad9bc8c3,Organization
2d2e47bd,Individual
6a66e705,Individual
ae272fab,Individual
9fd38267,Organization
887269c3,Organization
2d156662,Individual
06622413,Individual
0b35c99f,Organization
61884bc9,Individual
95f20a56,Individual
904598a7,Organization
0fe1c982,Individual
73695db8,Organization
e3f75a11,Organization
5f8688db,Individual
d4ac85d6,Individual
a2b1e52a,Organization
c334750f,Individual
8135d5b4,Organization
03c89634,Individual
393abda3,Organization
faa80344,Organization
0345db6e,Organization
c4aa1f99,Individual
7ca97934,Individual
d0f6a10d,Organization
719de7e4,Individual
cd299546,Organization
989738a9,Organization
505b2c04,Organization
dbafe85b,Individual
11b28b0c,Individual
cfc53d57,Organization
f9363e44,Organization
8f220a24,Individual
1269a851,Individual
9a429fc9,Organization
aaf01bfe,Organization
1f7dffc4,Organization
d944130e,Organization
0c7ced03,Organization
7026e48b,Individual
b48cd871,Organization
93f2b2ad,Individual
54395916,Organization
16ff6236,Individual
c65fb572,Organization
6a056e3e,Organization
e5bf2c80,Individual
a705112e,Individual
3538f0b5,Organization
75974ff1,Individual
1efdd50a,Individual
4d950f13,Organization
f5bb58e3,Organization
083491fd,Organization
576a3f00,Organization
c774459d,Organization
85f4e814,Organization
dcc00f9b,Individual
5e1b380d,Individual
e4f209a4,Individual
9e24b81d,Organization
08cf0734,Organization
766bdff3,Organization
499875b0,Organization
50a14978,Organization
838fba7f,Individual
98f7b5ea,Individual
927edb14,Individual
e251a081,Organization
186caade,Organization
4f959af4,Individual
ad4d2bec,Individual
057382c1,Organization
e34e71dc,Organization
fee44f4f,Individual
9c78e0d4,Individual
9e4f66b8,Individual
40501161,Organization
b9bb7491,Organization
c691bdd8,Organization
390162ee,Organization
9afdbec1,Organization
8a98e5de,Individual
137d88fa,Organization
9ee364a4,Organization
6b8a3825,Individual
ae2c7dc4,Organization
bc1437b8,Organization
137e4b05,Individual
2c842dcf,Individual
6e994c10,Organization
aa0c362f,Individual
e6141ad5,Individual
14f68b09,Organization
a0e1ae6a,Organization
3d67f981,Individual
5fa966c7,Individual
cbf5c9da,Organization
dba93e9b,Individual
cb41b5b4,Individual
f8b66bcb,Individual
dd98e35e,Organization
8bced451,Individual
e6fc962e,Individual
c1aaab40,Organization
20700002,Organization
ddf2ad0e,Organization
c8ef3c53,Organization
1344ef41,Individual
7dc26db6,Individual
4b0fe63e,Individual
68b6edd6,Individual
391873f3,Organization
2853aee0,Individual
3199c7a2,Individual
dbfe25d7,Organization
2c2e0197,Organization
4d721b59,Individual
9f89f1e0,Organization
52401201,Organization
99e876fa,Individual
5721ecac,Organization
b519f77a,Individual
d2801ea6,Individual
2c911fbb,Individual
c939e4d3,Organization
e49b4d87,Individual
7d4a6a99,Individual
dec28093,Individual
2651e3b3,Individual
dbfd8b09,Individual
faa34bb3,Individual
cd540c5d,Organization
3be564d1,Organization
3bf9ac67,Organization
84c1964d,Individual
4b125cc4,Organization
14b6d717,Individual
b7c755c2,Organization
5dc22bbe,Individual
747d4f04,Organization
5e15d5d4,Organization
66f847af,Individual
2cdbe84e,Individual
815a9626,Individual
d62d704b,Organization
e15d8001,Individual
78f8b0cf,Individual
2c159ee3,Organization
1db0fb66,Individual
c3a8da21,Individual
a1ecbddc,Organization
dc14330a,Organization
71360775,Individual
edb183f5,Individual
96168989,Organization
89ba4d29,Organization
94dd0d10,Individual
846a32ea,Organization
38586ecc,Organization
24898c81,Organization
51552de2,Individual
28d6eb75,Individual
223d1f49,Individual
38994f98,Individual
5e095dc5,Individual
31c4931d,Individual
b94947f9,Organization
cd788fe0,Organization
d0fe4817,Organization
a0b55389,Organization
fd0fab5a,Individual
72becba2,Individual
f166b8c8,Individual
339a3d25,Organization
9f1249f5,Individual
cd273a15,Organization
9531c036,Individual
c857c7ed,Individual
54c622eb,Individual
ba1c680b,Individual
801f0756,Individual
c01ba5ef,Organization
231b1a6c,Individual
f4e4bdfa,Individual
d0ada857,Organization
2771f997,Organization
2679e5e8,Individual
9cf36ef7,Individual
0ac9a4b9,Organization
7ed9b069,Organization
e47af30a,Organization
8c2e30c1,Organization
53afec83,Individual
a1305295,Organization
9663bbe7,Individual
911efcfa,Individual
cd726773,Individual
49100c6d,Individual
45c70c43,Organization
0bddac2c,Individual
5161c588,Organization
2c398412,Individual
8580d941,Organization
8225229b,Individual
e3afb157,Organization
07ea4cca,Organization
da569486,Individual
3daac647,Organization
1dac7a49,Individual
0a5797c4,Organization
f3e4c347,Individual
34c65a01,Organization
81f32cde,Individual
e10a8a4c,Organization
65a101dc,Individual
12a801c8,Organization
c3a8d811,Individual
544a0ed8,Individual
7c9436e3,Individual
50aafda8,Individual
351d8711,Individual
ae1d7815,Individual
15d3db8c,Individual
0ff1e6af,Organization
e21400fe,Organization
9a708bca,Individual
9c573e15,Individual
052fadba,Individual
0cd04ddd,Individual
9c641e5a,Organization
edee16cf,Individual
51d39903,Organization
e1d8425d,Organization
e8f4eaba,Individual
6db623b1,Individual
dcc071a4,Individual
30030d70,Organization
d92d591e,Individual
5b67afb0,Organization
53f48438,Individual
1b4a6058,Individual
eb2c9c4b,Organization
da50b9a7,Organization
77a338c0,Organization
84078d4c,Organization
d94cbcff,Individual
e91c74d0,Organization
872d1005,Organization
dd4e9714,Individual
fcba1f32,Individual
08ec2c6e,Individual
41feb9ed,Organization
6a0d4955,Individual
0ed1750d,Organization
cafad45f,Individual
d19776e7,Organization
003609df,Organization
f34dcd18,Organization
af4e7526,Organization
f508d7db,Organization
bc110aea,Individual
4d613056,Individual
bd17aa17,Individual
1f47d2b9,Organization
3f167520,Individual
b86d1cd4,Individual
6ad2e970,Individual
577f021d,Organization
088b983c,Individual
320e76dc,Organization
7df2349f,Organization
0ba974dc,Individual
0caacd55,Organization
28385e52,Individual
66565bf3,Organization
4dfccedb,Individual
0383a8d9,Organization
a8f1efe5,Individual
2ca55f82,Organization
7c70e971,Organization
6edacd03,Individual
50753e8b,Individual
c3cc5d29,Individual
ed49dffc,Individual
64ebea70,Organization
f7ecc7ff,Organization
ea1e2b5e,Organization
87c69b41,Individual
0240b1f2,Organization
853fb4d3,Organization
36218b8f,Organization
7a0b0da1,Organization
98f941aa,Organization
db6b96e0,Individual
bc10962a,Individual
575a9276,Organization
64f8af6a,Organization
54929846,Individual
ac803f90,Organization
e15d6ad1,Individual
830bbee7,Organization
f1d402eb,Organization
c1fb2646,Individual
a8e305b9,Individual
855ca722,Organization
7fa0817a,Organization
2c65a137,Individual
8544ad14,Individual
32fdbb0d,Individual
e35d0ce6,Organization
2cc187e3,Organization
f60941ff,Individual
1c32ce77,Individual
718ad034,Individual
8a37705f,Organization
4d53077b,Individual
1691d3d9,Organization
aa9e53cf,Individual
6e9e5198,Individual
21fe2c0e,Individual
a70c412c,Organization
f6b15b8f,Individual
1f79d440,Organization
59034089,Organization
2d744566,Organization
08b76eff,Individual
a022606a,Individual
173d6709,Organization
99fd3b27,Individual
56a4ab93,Organization
4bbf4a7e,Organization
cf9935cc,Individual
17e67bfb,Organization
8c95c0ab,Individual
49b3f738,Individual
9ce91271,Individual
9819ae61,Individual
e6837019,Organization
57a0ef26,Individual
239765d6,Organization
70dcc094,Organization
dc0d0227,Individual
0d7a15d1,Individual
593647c2,Organization
737bc7d3,Organization
22132cf4,Individual
cdbd5e0b,Individual
e50b4c48,Organization
04aa7b30,Individual
9876f77e,Organization
f7d7067d,Organization
4be35393,Individual
5160edc9,Organization
8524c9cc,Individual
ae1c8fb4,Individual
42457d59,Organization
e7fd7ee8,Organization
a658ea68,Individual
7e915e1d,Individual
015a1df6,Organization
3b0801b0,Organization
7eb52756,Organization
a4b94c7b,Individual
8d8ed182,Individual
e7b2fdf4,Organization
3d94cc55,Individual
c10b9155,Individual
3f7c8bf4,Organization
18ded8a1,Individual
2ae82f81,Individual
390c2422,Individual
66f857e9,Individual
81fcadeb,Organization
048d3beb,Individual
ff702b28,Individual
c083c2be,Organization
50dd9413,Organization
56f4be29,Organization
28e6f1bc,Organization
aa1ce12f,Individual
96d317a2,Individual
0bd654c5,Individual
426df581,Individual
1e93b665,Organization
ef422d0e,Organization
f0535d7f,Individual
f4ffc9ce,Individual
3c92cc89,Organization
9fa0b8c1,Individual
64390a95,Individual
578f594f,Individual
0f38942b,Organization
ee296813,Organization
475e8ec8,Individual
1812dfd3,Individual
f8f2bae6,Individual
ae18a9a3,Individual
36a17963,Individual
f690adb7,Individual
c4ace3c4,Organization
accab80e,Organization
1f457f97,Organization
6fd82d75,Organization
16884cff,Organization
ff1449b6,Individual
5e6f13ac,Organization
d654effa,Organization
24d782ad,Individual
1d9e8d84,Organization
664a6b3b,Individual
44f66293,Individual
de160f52,Individual
187a65aa,Organization
4c30cf5f,Individual
51449d5a,Organization
33ccecfc,Organization
6b7a3029,Organization
39c4f9ab,Organization
c9ded02d,Organization
8f58132a,Organization
5accedf7,Individual
509ef1a3,Individual
0cf4e523,Organization
7ca6069c,Organization
a9c1542f,Individual
e6ccbd74,Organization
4c163cf2,Individual
75d514c6,Organization
85af47c0,Individual
74f2c4bd,Individual
02166367,Individual
39be6c10,Organization
c88c21e6,Individual
a755d2b8,Individual
c4fb4e3c,Individual
62577864,Individual
88ac0f8b,Organization
1497884b,Organization
113e9acb,Organization
c328e5cb,Individual
e2dd6cb7,Individual
86a0c326,Organization
73b50b45,Individual
bdc3d3c0,Individual
e80504e8,Organization
56dc8f5a,Organization
4a869584,Organization
d57c8344,Individual
ede89380,Organization
09ec591a,Organization
72b7bee1,Organization
5354f471,Organization
9c11ac7a,Individual
376db7e3,Organization
3d63527f,Organization
29b0b9d3,Organization
846d05ec,Individual
a9196f41,Organization
7561f8d9,Organization
4ef9e24c,Individual
7d15c20e,Individual
e49c5dc8,Organization
158bed27,Organization
42528dd7,Individual
3a9e225f,Organization
8051f563,Organization
3cddcffc,Individual
523da292,Organization
e841312b,Individual
6e638f03,Individual
9431d773,Organization
00e7e742,Individual
3290247f,Organization
5b0e1924,Individual
c2774088,Individual
e942efd9,Individual
ebbf1876,Organization
10daa099,Individual
9f8b7974,Organization
9a21adbc,Individual
1673b0d5,Individual
71f0adb9,Individual
20f8ba18,Organization
57b050ea,Individual
d26fac46,Organization
5ba5927e,Organization
fd2fe289,Individual
aaed66ea,Organization
95eb9bca,Organization
f9078dc0,Organization
23bb7a04,Organization
d4a5235f,Individual
d38dc387,Individual
23fd48b0,Individual
0975d2ab,Organization
db99125a,Organization
acac4c38,Individual
9109e978,Organization
ba182479,Organization
68087344,Individual
f8d31f14,Individual
e3897392,Organization
f40c3003,Individual
2de33671,Individual
f4122a4d,Organization
9a74514b,Individual
f3d37258,Organization
5018b101,Organization
6c3d6154,Organization
6438b05a,Individual
b103b54b,Organization
ae2b09a8,Individual
987bf35c,Individual
4b0d9dc7,Organization
061df79d,Individual
9725a8cb,Organization
f8d3a1d5,Individual
0ac7ad25,Organization
68f0e3e6,Organization
2aae839c,Organization
4dd6053a,Individual
ab84392c,Organization
3e2a0ce1,Individual
630e923d,Organization
53e1bd9f,Individual
9e29a60f,Organization
eb596787,Individual
11e671fd,Organization
a7686964,Individual
cf5a5336,Individual
6e8adb92,Individual
119e104d,Individual
50d24681,Individual
055ba919,Organization
215cc52d,Individual
f4a69666,Individual
0c860896,Individual
e4b42d46,Organization
b95872cb,Individual
bac7619f,Individual
a3a2a28c,Organization
2ce391bc,Individual
df9b3a12,Organization
b2d1ad86,Organization
820512f0,Individual
555b6671,Organization
a02e9dbb,Organization
d641d6f4,Organization
2df4ce94,Organization
67712c7e,Organization
00bf1386,Organization
be572ab3,Organization
c7df08ef,Individual
093adba1,Individual
f807f803,Individual
ada3e6fe,Organization
b51e7251,Individual
1915302a,Organization
f2294ca9,Individual
d9f8b2c6,Organization
5088fecd,Organization
e35d9aca,Individual
c888709f,Individual
cb68a9ac,Individual
6a921316,Organization
2cd51d79,Organization
2df40a55,Individual
004fb790,Individual
b943e73f,Organization
680bdca7,Organization
323cba7b,Organization
a0e56ca8,Organization
8b19fe21,Organization
6d42a8c5,Organization
aa6b65e2,Individual
48ae8c47,Individual
7b8d09c6,Individual
de0263f8,Organization
a066280f,Organization
cb378f49,Organization
ffbce7f8,Individual
c0f05b13,Organization
4525d565,Organization
1a2c5f88,Individual
cbaebe71,Individual
90a9611d,Organization
99a6e4b9,Organization
980a68a6,Individual
f7c1d34b,Organization
a85e7db4,Individual
99067e4c,Organization
5e962804,Individual
083fff30,Organization
4fee4621,Individual
c691ed31,Individual
aa48bbfd,Individual
add0463a,Organization
6f1d4004,Organization
371cdf23,Individual
79cb78d3,Individual
46357081,Organization
00e6733e,Individual
d349ad1a,Organization
21c359c5,Individual
d3350ef3,Organization
95ef55bb,Organization
99a5b468,Organization
2404e4b3,Organization
2147acea,Individual
98eb17f4,Individual
433bcbb6,Organization
d9a5e7ca,Organization
6465e550,Individual
87e7b852,Organization
4e575bd4,Individual
617d6ccf,Individual
cd51b990,Organization
9d9df260,Individual
3366700b,Individual
7b2d1096,Individual
cfbd01fd,Individual
85c47e1c,Individual
14a2e81f,Individual
0c286bb6,Organization
5096652f,Individual
bc10a5e8,Organization
608ffe01,Individual
a8ddffe0,Organization
1c9d9bb5,Organization
1de99fda,Individual
41d35d99,Organization
2c64b749,Individual
42a36ac4,Individual
9b953e4f,Organization
7d6b5e69,Individual
a4687ef3,Individual
15aa27ba,Individual
2345c2fe,Individual
1b9bcab1,Organization
7f17637d,Organization
6b48acc5,Organization
f83b3100,Organization
2e4350b4,Individual
f9d2b662,Individual
7cdf7e4d,Individual
dc29edca,Organization
7027b424,Organization
7860729a,Individual
821f926d,Individual
0fa3be96,Organization
7236e447,Organization
659b4ff2,Organization
559a67ab,Organization
7a416a8a,Organization
6d71654f,Individual
08da8090,Individual
18934c9f,Organization
ef9e67aa,Individual
4b25e13e,Individual
1601196f,Individual
f76ad0bb,Individual
142d8c20,Organization
a55154b9,Organization
c5bf9827,Individual
6f2abd2f,Individual
f17adb57,Individual
85a7be9f,Organization
4fa00d16,Organization
8dfe918d,Individual
c9b490d0,Organization
f6beef30,Individual
92f55fde,Organization
2895f02a,Individual
0a5df61e,Individual
25c4fb20,Organization
b9f5548f,Organization
9589e9dd,Organization
bbd4328f,Organization
ff129412,Individual
a22c4ace,Organization
5e47ce28,Individual
8da55383,Organization
03251fc7,Organization
45d9c807,Individual
1add3b81,Organization
27ef8e0e,Individual
d7e8e2f3,Individual
6a1f1e8a,Individual
35c5abd6,Organization
7e9d570f,Organization
1d1e6a58,Organization
105aa9f0,Organization
5817ceaa,Individual
d729954a,Organization
85565195,Organization
8638e96d,Organization
5267429d,Individual
0a101966,Organization
0b28e73e,Individual
da5a9636,Individual
4ea4a7ce,Individual
18fbe602,Individual
7b07796c,Individual
4b7fe8d5,Individual
98bad78f,Organization
25dce74c,Organization
22a22c97,Organization
78202b87,Organization
dd72d1db,Organization
642125c2,Individual
07a359a2,Organization
7a0a034c,Individual
ff3ad2f9,Organization
99a40387,Organization
32df9254,Organization
0e356c44,Individual
18dcfcb3,Organization
d2e75bf5,Individual
15c108ce,Organization
de3b8e3a,Individual
357a7a01,Organization
b66ad2ad,Organization
06ba0303,Individual
10f816de,Individual
57ae46a3,Individual
e813e335,Individual
0bcfe481,Organization
f44d52c3,Organization
753b2f17,Organization
5c130851,Organization
c8bd3f7f,Individual
07a6ddd0,Individual
dd05391b,Organization
bac99bea,Individual
3c3253e9,Organization
8ea1ef37,Organization
2b2e68ad,Organization
5087faf9,Individual
930c3c9f,Organization
a56efb6c,Organization
a9144717,Organization
aac71db9,Individual
adbe0949,Organization
d0f68a70,Organization
71f32ed0,Organization
81166b1b,Organization
8a49e9b8,Individual
66128b87,Individual
0a5ddf0a,Organization
60974137,Individual
3bba428f,Organization
5056ab16,Individual
dea85f03,Individual
27608beb,Organization
29d64ea6,Individual
6dac2e03,Organization
81e121a5,Organization
4bb5285b,Organization
234c2eb6,Organization
7ffb95bd,Organization
be69ab9d,Organization
51dd458e,Organization
8e5c5632,Organization
c01c2c4a,Organization
7926d527,Individual
2b1be8ad,Individual
e4e49b1a,Individual
086bf7fb,Individual
9cc73677,Individual
27b09bae,Individual
eb632d75,Individual
5165b444,Individual
3356af21,Individual
e58e37e6,Individual
63a8ae2f,Individual
521a67ad,Individual
0e0969e9,Organization
59affd21,Organization
6802dfcb,Organization
f853263b,Organization
ef04b21d,Individual
dbf5b974,Individual
972fcc33,Organization
37d78a9d,Organization
8bfc7a7a,Individual
9472d9de,Organization
3a2727e6,Organization
0f1e1656,Individual
bf2a1d3f,Organization
54ad7b10,Individual
2f2ce9b2,Organization
5b413758,Individual
56d5aca3,Organization
fb0bb49b,Individual
7602fadb,Organization
07b1ea2d,Individual
824062d7,Organization
f7bbd242,Organization
0933bb90,Organization
7aa93380,Organization
2e1c02fc,Individual
a10ac769,Individual
ad27d0ff,Individual
f3a33764,Individual
bca57f64,Organization
0fc5336c,Organization
4283704e,Individual
69262079,Organization
c5100b9d,Organization
c7dc5e8a,Individual
f46985f0,Organization
f17dd437,Individual
c8d724df,Organization
b5349dd7,Organization
279c34e2,Organization
d428ca15,Individual
c9bfa3b4,Individual
6698441a,Organization
26c49963,Organization
6f77acc4,Individual
b86f0291,Organization
063ba55f,Organization
3f8dfdd9,Organization
3b18bbe6,Individual
c09d1681,Individual
0a4dab4f,Individual
d7b26ea4,Individual
d722fedf,Individual
7f64bd5b,Individual
9963cb8b,Organization
309dd94d,Organization
64cb6968,Individual
840418d2,Organization
e80b3680,Organization
48dc4058,Organization
db26a02e,Individual
2cefad4f,Individual
d6f3fde0,Organization
7b955fcc,Organization
69b9e5ad,Individual
f4abeb6f,Individual
fcd5d126,Individual
9d19aac3,Individual
3263a798,Organization
bfb1e856,Individual
935cfa2b,Individual
f9d018b4,Individual
6fe4bf52,Organization
59fdb34c,Individual
999ffaaf,Organization
ae10773f,Individual
8f16a009,Individual
fb4d3ba8,Organization
554d8afd,Individual
67e41919,Organization
b019d453,Individual
3aa86e05,Organization
4859cf26,Organization
b1b6f644,Individual
3aa41ce6,Organization
d1ba623d,Organization
51393c83,Individual
98d8b434,Organization
bdb0e588,Individual
dcd39cd4,Organization
f8dd3164,Organization
33074774,Individual
1a913659,Individual
d8678a05,Organization
5be0206b,Individual
c1efb799,Individual
2d1caaa4,Organization
fcfd8b52,Individual
741021df,Organization
9d73cc17,Organization
54c65e44,Individual
40b0a961,Individual
8823df0f,Individual
291fc4b9,Individual
1c0c651f,Individual
52bbba28,Individual
5d72642b,Organization
862a1a57,Organization
43e51ee3,Organization
f7a46019,Individual
fa9321f9,Individual
e1af42bb,Organization
5e05b17b,Individual
2cef72a9,Individual
238ad82a,Organization
353028f7,Individual
14d11a6d,Individual
bf393e6d,Organization
1cb97aab,Individual
1d50e5ae,Individual
d34f5e0f,Organization
a8c22512,Organization
4c46d3fa,Individual
85395a0a,Individual
7f566aa4,Organization
65807cef,Organization
4a273c55,Individual
2858e390,Individual
0e5888be,Organization
fde31fd7,Organization
7e37a52b,Individual
5d5c2c84,Individual
8de11554,Organization
61579282,Individual
56e8c4b9,Individual
0e5f5b48,Individual
13c19ddf,Organization
a8b57342,Individual
756ccdf1,Organization
8f5bf626,Individual
5b856088,Organization
e0c98290,Individual
180420d3,Organization
8f0ac170,Individual
df2a574d,Individual
d252b4e4,Organization
470f9027,Individual
e74c7849,Individual
7b944f99,Organization
3cfb652d,Individual
2e6d06f0,Individual
0520c7c2,Individual
931fc1fe,Individual
cfb5168c,Organization
e6b200f9,Organization
5491f178,Individual
41ee9964,Individual
060378a5,Individual
b52f2bc0,Organization
58c1261b,Individual
874ec733,Organization
16803bc6,Individual
8d1cad37,Individual
abb04795,Individual
e104e9b0,Individual
d7c1720b,Organization
482ddfd2,Individual
55809d88,Individual
454797e7,Organization
f6b95d8c,Organization
a4658b57,Organization
85903248,Organization
0ec6a311,Organization
1d5be7af,Individual
211ec7f7,Individual
2924e3c1,Individual
4b93775c,Organization
2482fbb9,Individual
edcc3c4c,Individual
7ffa5a33,Organization
06346e79,Organization
87b80e97,Organization
bd377801,Individual
d603e51d,Individual
1122d87c,Organization
aee4693a,Organization
03d23aea,Individual
fec416bd,Individual
46d29445,Organization
a846f04e,Organization
fc9c6efe,Individual
c92fc7e4,Organization
92bba841,Individual
2fd10adc,Organization
6ee05764,Individual
539cc9e7,Individual
e82c86d1,Organization
c2fa96b6,Individual
8f2c4de1,Organization
aad07118,Organization
b8d80bc7,Individual
dda21ec9,Organization
301a27f2,Individual
91c86202,Individual
67e8d621,Organization
33c43ff1,Organization
9005d1ec,Individual
7f545761,Organization
c4a5112f,Organization
b81d8d27,Organization
cc5913ce,Individual
adde9d2b,Organization
5d6568b9,Organization
73e77cac,Individual
fc63efda,Individual
cb9b0a12,Organization
160b2745,Organization
899e5c72,Organization
05a34a88,Individual
761c7d96,Organization
817e89d2,Individual
ce483646,Individual
3fbaaed2,Organization
17ea2a8e,Organization
463fa623,Individual
da829cd2,Organization
3429c0ee,Individual
8235d3d4,Organization
0e2bb39c,Individual
abc155cb,Organization
30414a2c,Organization
2778ac21,Organization
f4231e57,Organization
3add5763,Individual
f3a20a75,Individual
3378928f,Organization
4b2e3bec,Organization
bbb6503d,Organization
8a2ad57d,Individual
57ea6b2c,Organization
f26c3520,Organization
c7d7e781,Individual
73372298,Organization
3a7be97d,Individual
a7dd81c5,Organization
5ae76475,Organization
6ec70581,Individual
3da38057,Organization
ec961622,Individual
d783e5b3,Organization
e5122b2e,Organization
fa08d81d,Organization
00f35630,Organization
c53217e0,Organization
23edc8ed,Organization
d73b9e38,Organization
53828432,Individual
728111c9,Individual
63ac26e5,Individual
3abf3913,Organization
3f438ff6,Organization
ad4d947b,Organization
3e92040c,Organization
72e6405f,Individual
07e1551b,Individual
0736799e,Organization
fb057161,Organization
45d9cacd,Individual
368fcaac,Organization
00778e19,Organization
93e7a186,Individual
ab8405e5,Organization
fcc649ae,Individual
dcd5b180,Organization
1b4e6682,Individual
2ca547be,Individual
02c97f37,Individual
9afa7a24,Individual
f5559329,Organization
922afba9,Individual
78a2ed82,Organization
d6f1e9dd,Organization
6f72766b,Organization
c103c169,Organization
cb35fd45,Individual
d6fce962,Individual
02de2314,Individual
05d8151f,Individual
cc50fd7c,Organization
4630e740,Organization
a0e27eef,Organization
4bbbfe77,Organization
b9c0bc82,Organization
e06a0048,Organization
8d8d10f5,Organization
aa2c2df3,Organization
0b01cfa7,Individual
89359cd7,Organization
a896fa46,Individual
e3ad7521,Organization
5f734728,Individual
96ffa750,Individual
33c9a0a8,Organization
ec99b778,Individual
dc62055a,Individual
bd729f71,Individual
f348ee9a,Organization
65fe8806,Individual
218b7e7e,Organization
9d328016,Organization
32b0971f,Individual
584422bb,Individual
1fe74f08,Individual
2d7e64da,Individual
c9befc6a,Individual
28727a8f,Individual
7572ad42,Organization
c7eeb60a,Organization
084409ef,Individual
424af468,Individual
0f9f41f0,Organization
1ea7c7b5,Organization
5636fd8b,Organization
43ca3240,Individual
043a1ebd,Organization
2fd25b93,Individual
2bada066,Organization
db42a5f9,Individual
4acc75f5,Organization
6e45cf61,Organization
178d27a3,Organization
9cff0441,Organization
31b95244,Individual
60fb13c4,Organization
3899a537,Individual
43827bad,Organization
d4d7bad1,Organization
65eda089,Individual
db9b8e0b,Individual
542dda05,Organization
58f6af83,Organization
c7fe241c,Individual
c8e286bd,Individual
5c6f6f67,Individual
7bfa7bdf,Individual
9eddd07a,Individual
04c46375,Individual
94aea9f0,Organization
6ab5582b,Organization
c0fdce82,Individual
e2ed22a2,Individual
9788f010,Organization
0f0076d5,Organization
e0cf359a,Organization
8cb0d50a,Organization
702e287d,Organization
1b553ce8,Individual
3b64a12d,Individual
269d0751,Individual
912cf836,Organization
8b16b61b,Individual
2b2cddf2,Organization
9ea8ac43,Individual
fce1d8e0,Organization
6e0fee81,Organization
6d1f1c3b,Organization
24f20cce,Individual
0e1f8c4d,Organization
bdcb385e,Organization
dc94358e,Individual
19a298a1,Organization
96073a81,Organization
88c434d8,Individual
e068a453,Individual
16426002,Organization
bd6ed86a,Individual
5bc634d9,Individual
432db7fb,Organization
7799a4ad,Individual
5e0e23b9,Individual
c8e41705,Organization
5202cc5e,Individual
25f1e3f8,Organization
077ad163,Individual
e6ec3383,Organization
c974d879,Individual
84f062a0,Individual
f05d6658,Individual
28d02780,Organization
98050f4e,Individual
15d5a001,Organization
bcae1d81,Organization
cbdad2d5,Organization
2663974e,Organization
423f788f,Individual
911edde4,Organization
cfb33b77,Organization
b4d1721f,Individual
51b0f5c7,Organization
7488776e,Individual
ee005af0,Organization
01defed9,Individual
3a31b1c9,Organization
487b1a93,Organization
c2e971c2,Individual
6445940a,Individual
e8a6111c,Organization
86aaa584,Organization
3d58061e,Organization
6d524e75,Individual
6988c098,Individual
e7e0784b,Organization
f07408f2,Individual
385258e4,Individual
a5babb21,Individual
faa64bb5,Organization
296fbc68,Individual
62dd5e17,Individual
ca9bdccd,Individual
e23f8269,Organization
de7ce1d6,Organization
6d69eb4f,Organization
9cd9622b,Individual
d1ab2cd8,Individual
0df2944b,Organization
f94eb749,Individual
67d45195,Individual
5bd16860,Organization
4a5d9be4,Individual
d652cd8a,Organization
8cea2dd2,Organization
06989259,Individual
d1817624,Individual
53b807ff,Individual
776dfdbe,Individual
f8b62cc6,Organization
358fcf52,Individual
f188b768,Individual
d2902412,Individual
0c17e116,Organization
bb2d5387,Organization
9c2dd3a5,Individual
8168cf68,Organization
0e865af4,Organization
a5728c2b,Organization
98650e34,Organization
bc462dce,Individual
52b7883e,Organization
b70bb73e,Individual
5fcb405b,Individual
ad300ec1,Organization
0bb2ed3a,Organization
453082c8,Organization
f0aa11f6,Organization
3523be18,Individual
a52bd0d0,Organization
72f647f7,Organization
a5d781e5,Organization
1303684d,Individual
64b7c93a,Individual
370baa77,Organization
a1de95aa,Organization
e9a2467f,Organization
a500fcb9,Individual
96cb2fa1,Individual
25a03f02,Organization
ec979c44,Individual
7f018fa1,Organization
0bc61fc0,Individual
4b99c978,Individual
8bee747d,Individual
681df4b1,Individual
43dfc199,Organization
afe7ef64,Organization
213fb406,Individual
e6e3b240,Individual
c1c06d39,Individual
c95ecc2a,Organization
c32aa078,Individual
77242997,Individual
475dce46,Organization
fd11b0d4,Organization
282e4932,Individual
188eeeff,Individual
d0e128e3,Organization
75477f1a,Individual
ec5547fe,Organization
dca9a624,Individual
74cfd8fc,Individual
104cb764,Individual
098569e9,Individual
18f8339a,Individual
67e4112a,Organization
629dd17e,Organization
857a592f,Organization
9635165e,Individual
847bcca0,Organization
8d69e34c,Organization
caef73d5,Organization
11891697,Individual
1264710e,Individual
af576358,Organization
fdeedaec,Individual
dc5597c7,Individual
a8816f06,Individual
16cdbf82,Individual
2f820315,Organization
59ec50cd,Individual
6b1e1cda,Individual
8629c8e7,Individual
f60da8a1,Individual
f549a8e1,Individual
55f532e3,Individual
7c353af2,Organization
ab43459d,Individual
f0ecd79e,Individual
ffe5ad69,Individual
aed2a228,Individual
dd12a220,Individual
167752d6,Organization
342095da,Organization
555c960e,Organization
3a5ca185,Organization
0a86fc56,Organization
433de324,Organization
2a9928fe,Organization
a9fb9cfb,Organization
2c60d6fe,Organization
120b9782,Organization
1e6ab63b,Individual
345c674c,Individual
99cb5b22,Organization
e2566d03,Individual
65c1cd8c,Organization
a184aefa,Individual
d7ad709a,Organization
cda5ff30,Organization
b2cb7537,Individual
927b65d0,Organization
fe7b0799,Organization
20492355,Organization
fef2b7f3,Organization
0a7fed9f,Organization
9c510e96,Organization
0d0dc7ba,Organization
11cfc968,Organization
08576605,Individual
e3abc1cb,Individual
d3a5171e,Organization
b287e258,Organization
5ebe7c9a,Organization
377ba1cd,Individual
d500cf38,Organization
5d335606,Organization
ebef7dd1,Individual
ddcf74f8,Organization
969debf4,Individual
9c923774,Individual
e49244fa,Individual
5cfbba8d,Organization
ddb39ebe,Individual
39d25442,Individual
624aae08,Individual
4937e7ac,Individual
d0cb00e0,Organization
f72cb4db,Organization
73452108,Organization
731c86de,Individual
7280665d,Organization
7c7f5f18,Individual
e301dfcd,Organization
29cea6a0,Individual
8226223c,Individual
13fa1fb4,Individual
05cab77f,Individual
9cba9fa7,Individual
d6dd37a8,Individual
7756f66c,Individual
26149d45,Individual
183182ec,Individual
94bde20e,Individual
b04b3055,Individual
add11b7a,Organization
eab538df,Organization
880b90ec,Individual
c4e53cd8,Individual
7c0e6fa3,Organization
4dba0aec,Organization
7385814b,Individual
ef0567f5,Organization
92df8941,Individual
6a828ab2,Individual
cc7cf764,Individual
7e2334e5,Organization
94e1ac03,Individual
057a182f,Individual
b585b36c,Individual
a969bcc4,Organization
42ddbc5c,Organization
393152f1,Organization
f2a252cb,Individual
a09d3a10,Individual
09bd60c1,Organization
6aecd44b,Individual
c5bb7bdb,Individual
d6f112a8,Organization
01ec2182,Individual
efcc89d9,Individual
86671187,Organization
e64aaf14,Individual
c581674d,Individual
eccc5d1a,Individual
da37717c,Organization
05142de2,Organization
a5ab1b2b,Individual
ff40e66a,Organization
3e0162d8,Individual
95bfef74,Organization
3a7ab6db,Individual
2c3ef2af,Individual
92698feb,Individual
41fa8968,Organization
da4c015f,Organization
28867707,Organization
b1db43db,Organization
98d76692,Individual
d2a0c35c,Individual
f98596a8,Individual
31e5281d,Individual
45b6625b,Individual
31e8e9ae,Organization
44bd8cbe,Individual
27443e08,Organization
955260a0,Organization
e7bdbe78,Organization
2420c7b2,Organization
a7fadfa4,Individual
20fceec3,Individual
705d2692,Individual
5c232a62,Organization
706597b0,Organization
de351530,Individual
244223f6,Organization
0022c029,Organization
4e7e32de,Individual
76751816,Organization
a463bc2e,Organization
2bdc37bc,Organization
d39f136c,Individual
c81e88b4,Organization
fdd4172d,Organization
c18325d4,Individual
58645528,Organization
6c4148ce,Organization
d292a985,Individual
0c28dce5,Individual
4a25fbcc,Individual
ac887998,Organization
8b69cf2b,Organization
5a9ff23b,Individual
2fa76742,Organization
67f3cf0e,Individual
d102cb86,Individual
c8c1ff5a,Organization
73a3302c,Individual
58832910,Organization
5185df3e,Organization
a4a5ddde,Individual
164854d4,Organization
83335a1f,Organization
b47932b1,Organization
0971ca6e,Individual
506f4280,Individual
6d9478c9,Individual
043d6327,Individual
ec53ab71,Individual
110262b4,Organization
aaea37d3,Organization
f324075b,Individual
fe49fd93,Individual
d9b55154,Individual
4c4e2f23,Individual
8448e6af,Individual
54732776,Individual
0fd377e7,Organization
1fb1c12d,Organization
908fff37,Organization
05f9146d,Organization
86a3331e,Organization
34108434,Organization
c9924680,Organization
03599b8b,Individual
b0d24281,Individual
8148c5c6,Individual
0221ca19,Individual
c015eccb,Individual
7a80bd1d,Organization
72a0ebe3,Organization
4be8ff30,Organization
74307f8b,Individual
039ab5c0,Individual
7281cb31,Individual
6506dfbd,Individual
9302ee2c,Individual
c58ddd92,Organization
2c3d8ff0,Organization
1a932469,Organization
037c2163,Individual
ae985583,Organization
2f378089,Organization
a0a9e34a,Individual
f23c3119,Individual
bb5d0ff4,Individual
216f6262,Individual
a0b2780b,Individual
476ead65,Organization
4f257e1a,Individual
d91324f1,Organization
fcac6432,Individual
5f87cf32,Organization
6540ecf6,Organization
9b6eb516,Organization
b49359e1,Organization
df505461,Individual
e74755e6,Individual
1731e642,Individual
60a73780,Individual
d7a63625,Organization
9d2f9e04,Individual
457e1cc9,Organization
b3626507,Organization
e6ff2b5f,Organization
ccbf41ea,Individual
a07726b3,Organization
d18390e6,Organization
f86de573,Individual
32725705,Organization
5e349c1b,Organization
dcd05b3e,Individual
a7031f29,Individual
84d12bd8,Individual
91f55d27,Organization
ca16f14a,Organization
d51c91ce,Individual
df7f230d,Individual
a5ae1c91,Organization
312d805d,Individual
bcb9bef2,Individual
5c85778e,Organization
44fa00e6,Organization
d55e5d1a,Organization
83667b93,Organization
cbfa9eb6,Individual
f587cd89,Organization
fd7009fc,Organization
1bed28da,Individual
6f51c0ef,Organization
fc7d097c,Organization
7304e2ee,Organization
71c5b490,Organization
14ca7be9,Organization
e1e6bcda,Individual
7e5df42f,Individual
870da336,Individual
9401e88a,Individual
4490f7bd,Organization
6b87fba1,Organization
5e60e082,Organization
cee84c09,Organization
70eba9a3,Individual
26560236,Organization
f055fba8,Individual
cc010ff2,Organization
831a2282,Organization
c544f59b,Organization
8af14bb7,Individual
0ba800fc,Individual
73653ba1,Individual
0ff070cf,Individual
dd3b1cf5,Organization
46241c49,Organization
c919b781,Individual
80dd15a6,Organization
b53a6450,Individual
f6366d44,Individual
7767023b,Organization
b84c075d,Organization
6264b4c7,Individual
6c427768,Individual
99892206,Organization
568fd2ab,Organization
84041086,Organization
dd3f1df6,Individual
196862ab,Individual
572ac2e8,Individual
61582b9e,Organization
43258006,Organization
2937398b,Organization
9a5b1dc2,Organization
22de52d1,Organization
6df47a5c,Organization
c4a223d4,Individual
936cfdff,Organization
c46d4b38,Organization
31c082b8,Individual
a6a7bb86,Organization
006170e3,Individual
b430d82f,Individual
bba9cf42,Organization
228392fc,Organization
6e5d08fd,Individual
075c2c53,Individual
e96ebbde,Individual
fb3a6ccf,Organization
7ae54ad5,Individual
18dd1f79,Individual
0353a9b3,Individual
ede4fa05,Individual
44671b93,Organization
b7a0ddad,Individual
c6d63728,Individual
26664102,Individual
ce99dc81,Organization
afffd044,Individual
7ec46707,Organization
5e7b8be1,Individual
e3fcbc63,Organization
b93f6ab5,Organization
c4f5402a,Organization
b40a5966,Organization
5e0643c3,Individual
4108c822,Individual
9bed023e,Organization
4f4e5956,Individual
6c193582,Organization
94b1ef69,Organization
1f2a7bc5,Individual
88ff111f,Individual
e3e858eb,Individual
36563841,Individual
e7f5df94,Individual
912dcf89,Organization
96db72dd,Organization
09d86904,Organization
ad18026a,Organization
84b3e98f,Organization
fef7552c,Individual
ea63ccbb,Organization
00fdb371,Organization
f089fee4,Organization
92ae2acb,Organization
0f3eb785,Individual
02c0844f,Individual
390e7562,Individual
cbf22ce9,Individual
6f3df958,Organization
32aea14f,Individual
b577e734,Individual
850e044f,Organization
316c0e0e,Organization
b39b631b,Individual
295d073e,Individual
e0879437,Organization
6cdb773e,Organization
6b1f77da,Organization
4613c88a,Individual
8f0abffe,Organization
7f41de19,Individual
29c02b5b,Organization
2490a9a1,Organization
ec46bde1,Organization
014547ec,Organization
aadb1185,Individual
7948144a,Individual
0c5a5d34,Organization
e565f8e4,Individual
5e0d0cdc,Organization
7e57874c,Individual
01cbd31e,Organization
3da85ccc,Individual
d8051b3b,Organization
af2a858c,Individual
664deec0,Individual
16ab1c10,Organization
801f135f,Individual
038682cc,Individual
0ff7b064,Organization
d4ff212e,Organization
725252e1,Organization
7753220f,Organization
0cada61f,Organization
55555827,Individual
6ba4b894,Organization
83ac328c,Individual
30d4bacd,Organization
b4ef7714,Individual
a9ee460a,Organization
5299a28a,Organization
ee405340,Individual
850fa8b7,Individual
164f5263,Individual
b8f9db08,Organization
7f2ef73c,Organization
54b82f3b,Individual
14c9cfcc,Individual
4feb2c26,Organization
c83ca9f7,Individual
88ff9f75,Individual
108910e3,Organization
8c6da556,Organization
83b270aa,Individual
28c71ba7,Organization
690f7fdc,Individual
0c5ade29,Organization
1509de62,Organization
9dc7d6c0,Organization
578c3fa0,Organization
8d8cbfa7,Individual
2f8a7f8b,Individual
931392db,Individual
21948071,Individual
4991006f,Organization
ecf96db1,Organization
f5a9f208,Individual
7e82447e,Individual
a6140c58,Organization
d7d55e4c,Individual
ad22beaf,Individual
5065861b,Individual
07eb5a8d,Individual
ca15a974,Individual
6c5117e0,Organization
06bfc4d4,Organization
ff5ba625,Individual
ecabd2a7,Individual
412c0c2a,Organization
305c62c1,Organization
e9395c37,Organization
0a2773af,Organization
9a566864,Individual
04f2f677,Individual
ab31b219,Individual
7a24fc7a,Individual
26a9d2f7,Individual
86d6f2e0,Organization
be983f41,Organization
aa2f20b9,Individual
f8ef7dcd,Individual
bedaee23,Individual
42e3411c,Individual
9a308969,Organization
b6d1afb9,Individual
8246be50,Organization
4bf0728c,Organization
6006e12d,Organization
017a6885,Organization
806bd310,Individual
97203683,Individual
05666ddd,Individual
2caf57b6,Organization
ab7d1253,Individual
07bd73d6,Organization
8cbf8a5b,Individual
af28b527,Organization
bb11e4b5,Organization
53233acc,Organization
6d9e55ca,Individual
e21b0914,Organization
4fbfc682,Organization
d20819df,Individual
dba35d53,Organization
61068ff8,Organization
9e9f95a2,Individual
ba4736c2,Organization
055554f3,Individual
c746fb19,Individual
0c3ebbbd,Individual
35823f00,Organization
92a505c1,Organization
7349c6fa,Organization
802171a5,Organization
d70742e8,Organization
dc23025f,Organization
f7877a5e,Organization
535e8118,Individual
a44de44b,Individual
468ee23e,Individual
257e28fe,Individual
f97ec0e8,Individual
cb5fdf7c,Organization
05091472,Organization
ae806dc4,Individual
99fdd385,Organization
0e0845a0,Organization
94bb81e9,Organization
409fcb89,Organization
fda43675,Individual
feed0079,Organization
9036e0d5,Individual
a0cc0926,Individual
4fd34980,Organization
38ea8680,Organization
287c51e6,Organization
7047e731,Individual
07ab9674,Organization
f7644192,Individual
8a56142a,Organization
447a8204,Organization
08858202,Individual
4b64cced,Individual
e0a18f73,Organization
d2c3ae25,Organization
8dd472ef,Organization
f862fe87,Organization
cdf48bf8,Individual
6a052d3d,Organization
adacfb71,Organization
bc107161,Individual
ec670465,Organization
8ee07215,Organization
6e3df18a,Organization
5a5e18e1,Organization
4a86b624,Organization
96e4ac4a,Individual
788e704a,Individual
e2c977b7,Individual
846706da,Organization
df885348,Individual
b7d55a59,Individual
d02a169c,Individual
64e64a9a,Organization
95f30431,Organization
1b719368,Individual
c2ccbed9,Organization
879e11d6,Organization
37df233e,Organization
32df5fa8,Individual
cb68143a,Individual
7163568a,Individual
f32ffd7e,Individual
79c8c809,Organization
7ad9a4a2,Organization
b8f15181,Organization
bdc8ba9c,Individual
14099134,Organization
4e73d30d,Individual
452b0926,Individual
9c2a1617,Individual
1904381f,Individual
3b9d6149,Individual
07243b58,Individual
a2a84d93,Organization
9a52bddd,Individual
8b8a0bc2,Organization
8456659b,Organization
a09d2b6e,Organization
4f5a0afa,Organization
9c227f1b,Individual
f509e39b,Individual
09cc522c,Organization
28250df0,Individual
46e08883,Organization
66768720,Individual
c56cbe38,Individual
30e9b144,Individual
5f76dc4f,Organization
6c5ba70b,Organization
e714bba4,Individual
b2a24c0a,Individual
61885ee2,Individual
c06c64b6,Organization
712283b1,Organization
f4a03787,Individual
dbfc6de3,Organization
a85fad0a,Individual
696e6306,Individual
99dbe97c,Individual
9b9d0c99,Organization
e8ecc5ee,Organization
71c3a2ae,Individual
ede42b87,Organization
57228782,Individual
a00d5539,Individual
a7395e97,Individual
94521bb3,Organization
4873390f,Individual
9546250a,Individual
9e0d38c8,Organization
3849b0b0,Individual
7410dd2c,Individual
5452e783,Individual
e0a9714a,Individual
45f4eda2,Individual
20abea0d,Organization
e39e2a6e,Individual
6adda735,Individual
2c7e3ef9,Individual
d58b78a9,Organization
bc28469b,Organization
017991cc,Individual
dba115b4,Organization
1918f15e,Organization
273e3c39,Organization
ce697bdb,Individual
87b65818,Individual
676b9155,Organization
2e216f9c,Individual
f5bbc653,Individual
2a2bd138,Organization
17ce5907,Organization
ef12e93e,Individual
b59d7b91,Organization
add9d902,Organization
9c0fe977,Individual
845f3fd3,Individual
ec09c07b,Organization
11e0c558,Organization
a9d351f3,Individual
c4082ec3,Organization
44933ba7,Individual
a7657c5f,Individual
9fd14f7b,Organization
c1c0e741,Individual
78dcf270,Individual
da42ef37,Organization
83d63980,Organization
d84049ec,Individual
64b52d15,Organization
a8b9ec6f,Organization
171364cb,Individual
f552f83c,Organization
d649c805,Organization
5915b360,Organization
0a1f01e3,Individual
02567f53,Organization
92a68d8f,Individual
e08d6278,Individual
f81e5919,Organization
caccf817,Individual
a3da6ec0,Organization
ac03e63a,Organization
5d4e5f91,Organization
b14fdb19,Individual
8e1a1f44,Individual
98e65427,Organization
59349885,Organization
10aff09f,Organization
1b354558,Organization
9db576bc,Individual
c3b6331f,Individual
b38e1ad3,Individual
8e597868,Organization
84c12a17,Organization
3ddc38cd,Organization
819ed31f,Organization
9e880435,Individual
b5b6d1fa,Individual
7753c895,Individual
2ee96fe7,Individual
1d5f7315,Individual
8a37763f,Organization
3f707f01,Individual
f9e03315,Individual
875de6e5,Individual
9c7ebd5f,Organization
2dd97548,Individual
227f25a6,Individual
26d57eef,Individual
f3fc6a69,Individual
56be4fba,Organization
a59bfe6f,Organization
459b2399,Organization
dc2c2f1e,Individual
269b33fa,Individual
3d884891,Organization
3989286e,Organization
26e26afd,Organization
e4b08a42,Organization
86f9e833,Organization
29042b87,Individual
895208e1,Individual
53c5279f,Individual
6a4848ac,Individual
f1978498,Organization
c2e95ddd,Organization
f2a04ddc,Organization
86182a2a,Individual
eef1fb1c,Individual
9feb01e2,Organization
344f4707,Organization
a7e41480,Organization
9a01748c,Organization
08adecb7,Organization
6699be04,Organization
e053f1fc,Individual
0ab87da9,Organization
a710bfd9,Organization
4816f664,Individual
ed625a79,Organization
15782cd5,Individual
4b011b9f,Individual
a82257d6,Individual
081ead7a,Individual
483205ba,Individual
503949f4,Individual
d97ea83f,Organization
27da4340,Organization
02a919fe,Organization
1feedd6f,Individual
85dabb57,Individual
d10e7f42,Organization
8d68a26c,Organization
997257b6,Organization
d4b942be,Organization
c3480015,Organization
6ac5275c,Individual
89c293d5,Individual
3b51a045,Organization
815cf7af,Individual
6adbd8a1,Organization
3c02f0f1,Individual
6895f781,Organization
4516053e,Organization
ec26141b,Individual
460d11ce,Organization
b6d71be2,Organization
ccac5c20,Individual
3a6d2501,Individual
fd01821b,Individual
afc0e521,Organization
548617cd,Organization
26ffe020,Individual
cf9cee45,Individual
a2dd7d6d,Organization
7d778808,Organization
3e81b876,Individual
e695f4c2,Individual
7f0c1d58,Individual
cc587c34,Organization
4aae0ab2,Individual
ea6abf9f,Organization
fc2970c6,Organization
7dd89770,Organization
aea2ef45,Individual
9f12b33c,Organization
25bbf421,Individual
9326ef67,Organization
17ffca37,Individual
a9c27497,Organization
7239d0c4,Organization
49ce5894,Organization
d643f935,Individual
e339150b,Organization
10c93561,Individual
b1a52912,Individual
589dcac0,Organization
5c16b63d,Organization
9ea7f388,Individual
af432279,Organization
b37cafa3,Organization
ae0acd09,Individual
1c713083,Organization
cb6e56a5,Individual
4d5d7453,Organization
da28be7d,Individual
cc3b9d71,Individual
6ff0a0f4,Individual
f288d59f,Organization
ff1bfb62,Organization
b3a92f6e,Organization
f8eb2ee1,Organization
002cc8f2,Organization
36bb2991,Organization
de505854,Individual
21ac39d5,Individual
7be29ebe,Individual
86980b70,Organization
eb32adce,Organization
c2a74b28,Individual
4e8d91e2,Individual
18c9e29d,Organization
0d3f5e2d,Organization
faf737a3,Organization
70df94ca,Individual
b6666028,Organization
f7aeda00,Organization
69f1b8fd,Organization
2c657828,Individual
f79f45a6,Individual
11aad6aa,Organization
50f53d82,Organization
9e8bdc4b,Organization
a87e573a,Organization
a10e1dda,Individual
7dd3513f,Organization
8e8ff2e1,Organization
78f522af,Individual
76541237,Individual
c59c3285,Individual
ae644b36,Individual
a2d57e95,Individual
a96e0f5a,Individual
430d8479,Organization
a8380916,Individual
83939d1c,Organization
bab1bb6f,Organization
597e5a66,Organization
075327a7,Organization
d7337a0c,Individual
a8456812,Individual
b4f4c118,Individual
4f354c4d,Organization
b3f25866,Organization
a8157370,Individual
f29c9162,Individual
89c0a64a,Individual
98ef3842,Individual
d6e126bc,Individual
6f63cf85,Organization
e7eb93b7,Individual
4a533a7d,Organization
e24a47e0,Individual
49ed8d11,Individual
ea111940,Individual
858f6043,Organization
f173c8f9,Individual
acdd7d4e,Individual
3235934d,Organization
6cec14a4,Organization
05a76fa4,Organization
8d406b3b,Organization
2f76839e,Organization
4bfb2081,Organization
c5f4fce2,Organization
b7fc0e6e,Organization
e90faf17,Individual
fee8aa19,Organization
088f12e4,Individual
ed8aa6c9,Organization
ce90f15f,Organization
7ccd0743,Individual
ec11f5c1,Organization
62ecf89b,Organization
7189e51b,Organization
f0e4c1f8,Organization
af91a54b,Individual
3ef22970,Organization
fcb69052,Organization
0b620da6,Organization
a8f3c1bc,Individual
de421513,Individual
df849f4d,Organization
09006afc,Organization
733047c9,Organization
c880476e,Individual
48ec5755,Individual
4a1e7136,Organization
a3729c5c,Individual
ba49f565,Organization
5e9b872a,Organization
81476a59,Organization
6a7234fa,Individual
2f5b4d01,Individual
7bf9b66a,Individual
80c2c637,Individual
9850725a,Individual
b4c7bd62,Individual
6328f8ac,Organization
73b428a8,Individual
0fe98b98,Organization
a06a4258,Individual
fca0797d,Individual
fb08aaf1,Individual
dff227e9,Individual
b8019bbd,Organization
20a17266,Individual
f211834b,Organization
ee2db8da,Individual
33b612f3,Individual
8458ad96,Organization
32be6e84,Organization
0d7f6285,Individual
b1142638,Organization
a340408f,Organization
81a1acee,Organization
498282cc,Organization
8f3262c0,Individual
e66d7103,Individual
5e0b2a67,Organization
d295665b,Individual
84de96b4,Individual
7114eb1f,Individual
2a6f8754,Individual
3e57c62b,Organization
64e916cf,Individual
c7054a18,Individual
482b8b0b,Individual
96d1342d,Individual
74ee2718,Individual
abb05af4,Organization
39b9a068,Individual
f87fc1a9,Organization
f366afa6,Individual
122fdc47,Organization
39bcbc62,Organization
3b7c0eef,Organization
22f11eaf,Individual
030dbd1e,Individual
49196980,Individual
cadfbd33,Organization
894c7452,Organization
7b63df60,Individual
c70bd2b7,Organization
d077710f,Individual
373095ef,Individual
334aa579,Individual
a5dfadcc,Organization
2e2a0e7e,Individual
044a4971,Individual
15abda46,Individual
6ccc89c9,Organization
f4e3933c,Individual
ea729c1f,Individual
2c959434,Organization
efac9f61,Individual
b6908b7b,Organization
f13e456f,Individual
6a729386,Organization
cf67a224,Individual
74492c5c,Organization
f2ace5ba,Organization
432f0f2a,Organization
0a39c9d7,Organization
c05c3981,Organization
839919ab,Individual
53b187f9,Organization
4f2dce55,Individual
76ebb043,Individual
6de95a60,Individual
7b1c14b1,Organization
6123ed95,Organization
a0a673f4,Organization
de9d471f,Individual
51db3edb,Individual
80f6a368,Organization
95ee1df9,Organization
70e7e0a7,Organization
07b11e85,Organization
d6e7e66c,Individual
ca139df3,Individual
b3e5d41b,Individual
b18aa772,Individual
e1b7ec1c,Organization
6fb2e2c5,Organization
2c5bee0b,Individual
1c1278ec,Organization
9e9c995c,Individual
23f5f3f4,Individual
46ecd2d5,Organization
0f953312,Organization
f2ddda38,Individual
fad17b9b,Individual
307f30ad,Individual
7770877d,Organization
189263a1,Organization
0aa961e8,Individual
416e0eec,Individual
15d69c01,Individual
e5e8207a,Individual
1ce9318b,Organization
b8afd60a,Individual
7ad8d78c,Individual
7e2812ab,Organization
669b22e2,Organization
502704b4,Individual
24dd8876,Organization
c3bb7093,Individual
4f2c861b,Individual
43e02189,Organization
115f6c78,Organization
0e50ca9f,Individual
38aa8ac1,Organization
e0c135eb,Organization
056bc21e,Organization
139e9bfd,Individual
2bfa17c5,Individual
64da97a9,Organization
855db5f4,Organization
adc7d82e,Individual
f79d0e10,Organization
957224d2,Organization
9bac2f0a,Organization
1f6d10cd,Individual
07e5f3f9,Individual
368bda76,Individual
4f2641aa,Organization
49870037,Individual
ce05f23d,Organization
4ad74a11,Organization
d9c277ac,Organization
917cac77,Organization
2e3927f3,Organization
4583176c,Organization
0ea5dcf5,Individual
3f98a020,Individual
c39c9851,Organization
af4fb490,Organization
81bb8a7c,Organization
c2cc30bf,Organization
7ff2d11a,Individual
3134613a,Organization
93250e75,Individual
ce8f5e6c,Individual
92f63cf2,Organization
3cd34794,Individual
f4d947d1,Individual
fe3757c8,Organization
4178e9bc,Individual
e3afc1a7,Organization
60e890ea,Organization
0b07270e,Organization
f0e0a0c1,Organization
72d73e03,Individual
a76ab96e,Organization
90387bb7,Organization
f39a157c,Organization
6d614485,Individual
a2880206,Individual
ec043774,Organization
91515d99,Individual
0f7f75fd,Organization
9bb53b6e,Organization
1a897651,Individual
7f9dab25,Organization
aef1af3e,Individual
aa37b13a,Organization
2251f39b,Individual
8ed88ed4,Individual
8c43e253,Organization
004690f9,Organization
6c95a323,Individual
6985a628,Individual
9d71395a,Organization
3ced6a45,Individual
32b6ddee,Organization
0e2b2e95,Individual
fea0c176,Individual
098173ee,Individual
aaaf376a,Organization
000c8b2a,Individual
601da4d3,Individual
5464ee31,Organization
fd63e7d5,Organization
933ac1ec,Individual
d8d38a89,Individual
63e75ce5,Organization
0bdc5af0,Individual
b9534d6f,Organization
39a47425,Organization
1387a857,Organization
21f20ff0,Individual
fcab4bf4,Individual
66149216,Individual
50ce841d,Organization
146d0e8d,Individual
11b8bed4,Individual
03513b28,Organization
895a2821,Individual
c028fafb,Organization
64a32581,Organization
96ecc119,Organization
4b4e1b14,Individual
14fb1489,Individual
7d6751bb,Organization
d0d8b7a8,Individual
657426ed,Organization
9503cc11,Individual
a0ac4c1f,Organization
8a2ae7bf,Organization
142bb349,Organization
6c2a7ec9,Organization
b3418b4a,Individual
cf6625ce,Individual
a339ba34,Organization
6275ae42,Individual
1d6b0b3a,Individual
ad115f5e,Organization
343b37df,Organization
962a47b0,Individual
69ff083a,Organization
fa9e4267,Individual
e53c1c86,Organization
ae3dbd3c,Organization
8460b178,Organization
d599f03b,Individual
6d4df8a7,Individual
ee22b245,Organization
d167befa,Individual
6421f4b1,Individual
e9eb785c,Organization
70853f01,Individual
56da9999,Organization
634e562f,Individual
9fdcbddd,Organization
8df3173c,Organization
abe5e6ae,Individual
6db1b198,Organization
cd3315cf,Organization
4b90591e,Individual
b10c6071,Individual
b8f514ad,Organization
2969129b,Individual
d239f7dd,Organization
0da3f3d1,Individual
913abe32,Organization
fbed9d7d,Individual
20807cca,Individual
e24dec3f,Individual
cbd0b856,Individual
92748c0f,Organization
0ecf16fe,Organization
550bdc1e,Individual
0230f61f,Individual
36ca7385,Individual
01e66280,Organization
993c1c50,Individual
18ce0be4,Organization
bbf6a726,Individual
b4104811,Organization
3c6e6d1d,Individual
c6aaa38f,Individual
7c22bb5f,Individual
8dc5c560,Individual
dbfac507,Individual
79fe34df,Individual
3938a537,Individual
a336c638,Organization
fbfbfe1c,Individual
f68e5ada,Organization
0b19bf9e,Individual
c75b11bc,Organization
8a0595b1,Individual
889a8b9d,Organization
39610ddc,Individual
62ee6526,Organization
12799114,Individual
b5a5dcce,Individual
9907ff9a,Individual
cf078b64,Individual
85e1d449,Individual
2de56811,Organization
ed3258b5,Individual
3d4f32c2,Organization
42d0b858,Individual
634f59bb,Individual
8ffda1de,Organization
bfdc3429,Individual
43e4e842,Organization
af22ecb8,Individual
d83d90a7,Organization
ca7a723f,Organization
3f0435f5,Individual
65c6f12d,Organization
8d1de966,Individual
6d07d745,Organization
e2b3030a,Individual
01a2fb5f,Individual
f852e52e,Organization
92fdea04,Organization
ce6068a9,Organization
456c04d7,Organization
c7341625,Organization
58430079,Individual
d7e270e1,Organization
70a8cc3a,Organization
c0a572a9,Organization
726f540c,Individual
43bd2272,Organization
cd1f0a0a,Individual
0b5435a2,Organization
0f84dd49,Organization
415df639,Individual
e41c4761,Individual
da60a4d0,Organization
e3a857cf,Organization
4cdb3a63,Individual
5c0833b7,Individual
3d43ca42,Individual
64dd4632,Organization
4448c9ba,Organization
792c84b5,Organization
fa935933,Organization
f7391805,Individual
2d5b1a0a,Individual
b27150d7,Individual
ff3408a8,Individual
eb5e803e,Organization
fe8967a0,Organization
4f77012d,Organization
feccf9ec,Organization
51f5f3d6,Individual
50423715,Organization
dd0a094f,Organization
247c6b53,Individual
617fb747,Individual
b9677c83,Individual
a5971fd7,Individual
ab88e070,Organization
c131b135,Organization
8b4d8b58,Organization
710b3b20,Individual
e31843d4,Organization
1f545b5a,Organization
19cdf9a1,Organization
c26fac9a,Individual
6600ac10,Organization
941bd1ce,Individual
98b3cddd,Individual
35d1cfdf,Organization
e5191c29,Individual
40397a9a,Organization
828ca888,Organization
787579e6,Organization
3b520b0d,Individual
c45494cb,Organization
a20e9b36,Individual
a0e7d40b,Organization
a1f43d8a,Organization
0bf1ab6a,Individual
5e277690,Organization
52501be6,Individual
73e60f8c,Organization
babcf27d,Organization
eefaecd0,Organization
86081740,Individual
4c56a994,Organization
9c0d8710,Organization
a0207a1c,Individual
e1fbeb19,Organization
a4971463,Individual
134692ae,Organization
d8148818,Organization
9f62a940,Individual
784ff80d,Individual
8d9cdb99,Organization
b0d4851b,Organization
75abd16d,Individual
d5f3f669,Individual
46049b6a,Individual
4a490249,Organization
72b14f13,Organization
8e83e359,Individual
3b27ec00,Organization
8f2e0341,Organization
90f0bacf,Organization
082302b1,Organization
2b347f97,Individual
7d38f3eb,Individual
f9162d1d,Organization
2f0c36d9,Individual
1154d3fd,Individual
acf5af0c,Organization
59ac0de5,Organization
d73a660d,Organization
693b61b0,Organization
7edfc5d5,Organization
3a0f9bea,Individual
fbf0061a,Organization
64ff0aa7,Organization
fff6490f,Organization
cd441c6f,Organization
3bd376cf,Individual
32a58bf8,Individual
747701e8,Individual
516b7308,Organization
871737a3,Individual
bd00c484,Individual
859f29dd,Individual
54f37bff,Organization
dd0add34,Individual
9caf4f28,Individual
de2b949e,Organization
34165672,Organization
936cc341,Organization
9985c4bc,Individual
009af46f,Individual
2a7dcc10,Individual
63ebc55b,Individual
9b859907,Individual
685ec7e7,Organization
1814fc3a,Organization
ff4e9311,Organization
058fcbff,Organization
93683738,Individual
51f15ee5,Individual
7ae82f89,Organization
a2fed5a7,Individual
f896b55c,Individual
9994ceed,Organization
5d8f11cc,Individual
1e230344,Individual
01b27a31,Organization
dc522421,Individual
9f737687,Individual
bf44de35,Individual
93b77755,Organization
9010cced,Organization
ea61cb7d,Individual
eaa21ae1,Organization
0465eb73,Individual
e99d89cf,Organization
bf5558b2,Individual
0fbd0a01,Organization
54d58bc2,Individual
b89226c6,Individual
5bdae614,Organization
c81ce749,Organization
131ab4bd,Individual
130bd14f,Individual
39af15ab,Individual
2fc9b5f9,Organization
448276f4,Organization
b6308f80,Individual
398951e9,Organization
f09eda5b,Individual
d32ce5eb,Individual
d717c6dc,Organization
967881f2,Individual
6e288c73,Individual
24cf71da,Individual
79240a91,Individual
7d6465af,Individual
e64ec25b,Organization
c6f7a6c8,Organization
88f96f8d,Individual
3769cadf,Organization
110b6832,Individual
ccde8b6d,Organization
bfcc3af6,Organization
53ea990f,Organization
11ec1a89,Organization
e7f961ca,Individual
992f6531,Organization
62f66f16,Organization
86e06b04,Individual
b05b752b,Individual
b74add83,Organization
53d38eec,Organization
350a9c44,Organization
c76d9a84,Individual
5472312b,Organization
7a08fa27,Organization
d75da59d,Individual
dab2959c,Organization
2f9c4fef,Organization
46230948,Organization
9df7079d,Organization
f8a3ca13,Individual
736a7f0f,Organization
af76646c,Individual
ddfa1b95,Organization
ca40f7aa,Individual
b728acc4,Individual
c89d2535,Organization
447e9aa3,Individual
901c3579,Organization
5414f1ae,Organization
5c5f0c41,Individual
a96f4ab1,Individual
297c7f41,Organization
5f7f4008,Individual
decc0aec,Individual
0468e265,Individual
94cc1fae,Individual
248cf182,Individual
a651ed11,Organization
389b91c4,Individual
95d5329e,Organization
a3082a7b,Individual
9ffa2c4c,Individual
4101da96,Organization
e6754e71,Individual
747e73e1,Organization
2f892fbc,Organization
08506580,Organization
7c8fb674,Organization
b5b0e10c,Individual
540831aa,Organization
ba2180f6,Individual
0ec64df8,Individual
2055bacc,Organization
bdbc09c6,Individual
99ffb84c,Individual
aea34ce9,Organization
14eb57ad,Individual
97ad59e5,Organization
3c25eded,Organization
d6a5676b,Individual
ef42f4c0,Individual
cb59898d,Organization
ca33e36e,Organization
0414e636,Organization
4197f733,Organization
813122a3,Individual
bd6c339f,Organization
7c2ff433,Individual
7a44c7bd,Organization
ac37715d,Organization
506be7dd,Organization
0ae57f5a,Individual
827d83d5,Organization
2f3eeca8,Individual
8e2ec5d7,Individual
e1d7b3d4,Individual
2a67cb2a,Organization
7a4b5ff0,Organization
1764fe50,Organization
241b7cdf,Organization
b5878703,Organization
171c6b9c,Individual
e2afe750,Individual
20c51f0d,Individual
61fbc297,Individual
18847643,Individual
de77e7c9,Organization
5fcd881b,Organization
3027a1e0,Individual
f6920de5,Individual
588e2202,Individual
701045f3,Individual
ec76e673,Organization
300a1bc6,Organization
625220e8,Individual
ea59c991,Organization
8a884fa3,Organization
2bce9cd1,Individual
65fd6b06,Individual
e6270db2,Organization
abcf0913,Organization
0172f99f,Individual
09a90cf7,Individual
6680e570,Individual
3652f1ac,Organization
ee63b3f3,Individual
4f76faca,Individual
20b8670f,Organization
11f544f3,Organization
4b148b29,Individual
5df6f1f1,Individual
117a5ada,Organization
d626e58c,Organization
6a85145b,Organization
f3a7532a,Organization
88ebce53,Individual
a2b79ef5,Individual
583bcee1,Individual
fd609a77,Individual
72e50b59,Individual
5395e1e4,Individual
dd14ca2a,Organization
0292b8df,Individual
3f4e107e,Organization
722644a3,Individual
6dfd9d80,Organization
b26cfeb9,Organization
bf8f8931,Organization
a3b1b150,Organization
552b77c3,Individual
ca6a08d3,Individual
2d3ba53a,Organization
45ab57f2,Organization
eddfb4a5,Individual
c4de462d,Individual
4c8a0715,Organization
6824c9ba,Organization
f1fb6da5,Individual
272a57d4,Individual
708cd267,Individual
daebc9f4,Organization
c3275867,Individual
0ac62d2f,Individual
b1d2fe11,Individual
893ac34e,Organization
de499d1b,Individual
4f00e32e,Organization
5c8d1848,Individual
8461bdc8,Organization
04c91fc7,Individual
56f252dd,Individual
80bbea79,Organization
1fa306c6,Individual
29bb1740,Individual
75b38f6e,Individual
ef08b01b,Individual
25c59dd2,Organization
d760dffc,Organization
ce6ab236,Individual
e034f00c,Organization
802519f5,Individual
f0695c4a,Individual
df2ce39d,Individual
159eebac,Organization
52f570ec,Individual
41d04294,Organization
a3830ad1,Individual
037f8bd6,Organization
8156f12b,Organization
0679a673,Organization
7cdeb1a6,Individual
8a845ba8,Organization
8be58ad8,Organization
00713c52,Individual
02487878,Organization
e15e2e2a,Individual
a85772e2,Individual
3a9f0b8a,Individual
1422c324,Individual
509d0136,Organization
